
Gryphon System Bootloader FW.elf:     file format elf32-littlearm

Sections:
Idx Name          Size      VMA       LMA       File off  Algn
  0 .text         00003540  00400000  00400000  00010000  2**3
                  CONTENTS, ALLOC, LOAD, READONLY, CODE
  1 .relocate     00000258  20400000  00403540  00020000  2**2
                  CONTENTS, ALLOC, LOAD, CODE
  2 .bss          00002af0  20400258  00403798  00020258  2**2
                  ALLOC
  3 .heap         00000200  20402d48  00406288  00020258  2**0
                  ALLOC
  4 .stack        00000400  20402f48  00406488  00020258  2**0
                  ALLOC
  5 .ARM.attributes 00000030  00000000  00000000  00020258  2**0
                  CONTENTS, READONLY
  6 .comment      00000059  00000000  00000000  00020288  2**0
                  CONTENTS, READONLY
  7 .debug_info   0000f41f  00000000  00000000  000202e1  2**0
                  CONTENTS, READONLY, DEBUGGING
  8 .debug_abbrev 0000241c  00000000  00000000  0002f700  2**0
                  CONTENTS, READONLY, DEBUGGING
  9 .debug_loc    00005bf9  00000000  00000000  00031b1c  2**0
                  CONTENTS, READONLY, DEBUGGING
 10 .debug_aranges 00000638  00000000  00000000  00037715  2**0
                  CONTENTS, READONLY, DEBUGGING
 11 .debug_ranges 00000648  00000000  00000000  00037d4d  2**0
                  CONTENTS, READONLY, DEBUGGING
 12 .debug_macro  0003b9ac  00000000  00000000  00038395  2**0
                  CONTENTS, READONLY, DEBUGGING
 13 .debug_line   0000c71a  00000000  00000000  00073d41  2**0
                  CONTENTS, READONLY, DEBUGGING
 14 .debug_str    0013ccfc  00000000  00000000  0008045b  2**0
                  CONTENTS, READONLY, DEBUGGING
 15 .debug_frame  000018a8  00000000  00000000  001bd158  2**2
                  CONTENTS, READONLY, DEBUGGING

Disassembly of section .text:

00400000 <exception_table>:
  400000:	48 33 40 20 61 02 40 00 5d 02 40 00 5d 02 40 00     H3@ a.@.].@.].@.
  400010:	5d 02 40 00 5d 02 40 00 5d 02 40 00 00 00 00 00     ].@.].@.].@.....
	...
  40002c:	5d 02 40 00 5d 02 40 00 00 00 00 00 5d 02 40 00     ].@.].@.....].@.
  40003c:	5d 02 40 00 5d 02 40 00 5d 02 40 00 5d 02 40 00     ].@.].@.].@.].@.
  40004c:	5d 02 40 00 5d 02 40 00 5d 02 40 00 65 0d 40 00     ].@.].@.].@.e.@.
  40005c:	5d 02 40 00 5d 02 40 00 00 00 00 00 5d 02 40 00     ].@.].@.....].@.
  40006c:	5d 02 40 00 5d 02 40 00 e5 10 40 00 5d 02 40 00     ].@.].@...@.].@.
  40007c:	5d 02 40 00 5d 02 40 00 5d 02 40 00 5d 02 40 00     ].@.].@.].@.].@.
  40008c:	5d 02 40 00 5d 02 40 00 5d 02 40 00 5d 02 40 00     ].@.].@.].@.].@.
  40009c:	5d 02 40 00 5d 02 40 00 5d 02 40 00 5d 02 40 00     ].@.].@.].@.].@.
  4000ac:	5d 02 40 00 5d 02 40 00 5d 02 40 00 5d 02 40 00     ].@.].@.].@.].@.
  4000bc:	5d 02 40 00 5d 02 40 00 5d 02 40 00 5d 02 40 00     ].@.].@.].@.].@.
  4000cc:	5d 02 40 00 5d 02 40 00 5d 02 40 00 5d 02 40 00     ].@.].@.].@.].@.
  4000dc:	5d 02 40 00 5d 02 40 00 5d 02 40 00 5d 02 40 00     ].@.].@.].@.].@.
  4000ec:	5d 02 40 00 5d 02 40 00 5d 02 40 00 5d 02 40 00     ].@.].@.].@.].@.
  4000fc:	5d 02 40 00 5d 02 40 00 5d 02 40 00 5d 02 40 00     ].@.].@.].@.].@.
  40010c:	5d 02 40 00 5d 02 40 00 00 00 00 00 00 00 00 00     ].@.].@.........
  40011c:	00 00 00 00 5d 02 40 00 5d 02 40 00 5d 02 40 00     ....].@.].@.].@.
  40012c:	5d 02 40 00 5d 02 40 00 5d 02 40 00 5d 02 40 00     ].@.].@.].@.].@.
  40013c:	5d 02 40 00 5d 02 40 00 5d 02 40 00 5d 02 40 00     ].@.].@.].@.].@.
  40014c:	5d 02 40 00 5d 02 40 00 5d 02 40 00 5d 02 40 00     ].@.].@.].@.].@.
  40015c:	5d 02 40 00 5d 02 40 00 5d 02 40 00                 ].@.].@.].@.

00400168 <__do_global_dtors_aux>:
  400168:	b510      	push	{r4, lr}
  40016a:	4c05      	ldr	r4, [pc, #20]	; (400180 <__do_global_dtors_aux+0x18>)
  40016c:	7823      	ldrb	r3, [r4, #0]
  40016e:	b933      	cbnz	r3, 40017e <__do_global_dtors_aux+0x16>
  400170:	4b04      	ldr	r3, [pc, #16]	; (400184 <__do_global_dtors_aux+0x1c>)
  400172:	b113      	cbz	r3, 40017a <__do_global_dtors_aux+0x12>
  400174:	4804      	ldr	r0, [pc, #16]	; (400188 <__do_global_dtors_aux+0x20>)
  400176:	f3af 8000 	nop.w
  40017a:	2301      	movs	r3, #1
  40017c:	7023      	strb	r3, [r4, #0]
  40017e:	bd10      	pop	{r4, pc}
  400180:	20400258 	.word	0x20400258
  400184:	00000000 	.word	0x00000000
  400188:	00403540 	.word	0x00403540

0040018c <frame_dummy>:
  40018c:	4b0c      	ldr	r3, [pc, #48]	; (4001c0 <frame_dummy+0x34>)
  40018e:	b143      	cbz	r3, 4001a2 <frame_dummy+0x16>
  400190:	480c      	ldr	r0, [pc, #48]	; (4001c4 <frame_dummy+0x38>)
  400192:	490d      	ldr	r1, [pc, #52]	; (4001c8 <frame_dummy+0x3c>)
  400194:	b510      	push	{r4, lr}
  400196:	f3af 8000 	nop.w
  40019a:	480c      	ldr	r0, [pc, #48]	; (4001cc <frame_dummy+0x40>)
  40019c:	6803      	ldr	r3, [r0, #0]
  40019e:	b923      	cbnz	r3, 4001aa <frame_dummy+0x1e>
  4001a0:	bd10      	pop	{r4, pc}
  4001a2:	480a      	ldr	r0, [pc, #40]	; (4001cc <frame_dummy+0x40>)
  4001a4:	6803      	ldr	r3, [r0, #0]
  4001a6:	b933      	cbnz	r3, 4001b6 <frame_dummy+0x2a>
  4001a8:	4770      	bx	lr
  4001aa:	4b09      	ldr	r3, [pc, #36]	; (4001d0 <frame_dummy+0x44>)
  4001ac:	2b00      	cmp	r3, #0
  4001ae:	d0f7      	beq.n	4001a0 <frame_dummy+0x14>
  4001b0:	e8bd 4010 	ldmia.w	sp!, {r4, lr}
  4001b4:	4718      	bx	r3
  4001b6:	4b06      	ldr	r3, [pc, #24]	; (4001d0 <frame_dummy+0x44>)
  4001b8:	2b00      	cmp	r3, #0
  4001ba:	d0f5      	beq.n	4001a8 <frame_dummy+0x1c>
  4001bc:	4718      	bx	r3
  4001be:	bf00      	nop
  4001c0:	00000000 	.word	0x00000000
  4001c4:	00403540 	.word	0x00403540
  4001c8:	2040025c 	.word	0x2040025c
  4001cc:	00403540 	.word	0x00403540
  4001d0:	00000000 	.word	0x00000000

004001d4 <atmel_start_init>:

/**
 * Initializes MCU, drivers and middleware in the project
 **/
void atmel_start_init(void)
{
  4001d4:	b508      	push	{r3, lr}
	system_init();
  4001d6:	4b01      	ldr	r3, [pc, #4]	; (4001dc <atmel_start_init+0x8>)
  4001d8:	4798      	blx	r3
  4001da:	bd08      	pop	{r3, pc}
  4001dc:	00400385 	.word	0x00400385

004001e0 <crc_32>:
	size_t a;

	crc = CRC_START_32;
	ptr = input_str;

	if ( ptr != NULL ) for (a=0; a<num_bytes; a++) {
  4001e0:	b1a0      	cbz	r0, 40020c <crc_32+0x2c>
  4001e2:	4602      	mov	r2, r0
  4001e4:	b1b1      	cbz	r1, 400214 <crc_32+0x34>
uint32_t crc_32( const unsigned char *input_str, size_t num_bytes ) {
  4001e6:	b410      	push	{r4}
  4001e8:	4401      	add	r1, r0
	if ( ptr != NULL ) for (a=0; a<num_bytes; a++) {
  4001ea:	f04f 30ff 	mov.w	r0, #4294967295

		long_c = 0x000000FFL & (uint32_t) *ptr;
		tmp    =  crc       ^ long_c;
		crc    = (crc >> 8) ^ crc_tab32[ tmp & 0xff ];
  4001ee:	4c0b      	ldr	r4, [pc, #44]	; (40021c <crc_32+0x3c>)
		long_c = 0x000000FFL & (uint32_t) *ptr;
  4001f0:	f812 3b01 	ldrb.w	r3, [r2], #1
		tmp    =  crc       ^ long_c;
  4001f4:	4043      	eors	r3, r0
		crc    = (crc >> 8) ^ crc_tab32[ tmp & 0xff ];
  4001f6:	b2db      	uxtb	r3, r3
  4001f8:	f854 3023 	ldr.w	r3, [r4, r3, lsl #2]
  4001fc:	ea83 2010 	eor.w	r0, r3, r0, lsr #8
	if ( ptr != NULL ) for (a=0; a<num_bytes; a++) {
  400200:	428a      	cmp	r2, r1
  400202:	d1f5      	bne.n	4001f0 <crc_32+0x10>

	crc ^= 0xffffffffL;

	return crc & 0xffffffffL;

}  /* crc_32 */
  400204:	43c0      	mvns	r0, r0
  400206:	f85d 4b04 	ldr.w	r4, [sp], #4
  40020a:	4770      	bx	lr
	crc = CRC_START_32;
  40020c:	f04f 30ff 	mov.w	r0, #4294967295
}  /* crc_32 */
  400210:	43c0      	mvns	r0, r0
  400212:	4770      	bx	lr
	if ( ptr != NULL ) for (a=0; a<num_bytes; a++) {
  400214:	f04f 30ff 	mov.w	r0, #4294967295
  400218:	e7fa      	b.n	400210 <crc_32+0x30>
  40021a:	bf00      	nop
  40021c:	20400274 	.word	0x20400274

00400220 <init_crc32_tab>:
 * For optimal speed, the CRC32 calculation uses a table with pre-calculated
 * bit patterns which are used in the XOR operations in the program. This table
 * is generated once, the first time the CRC update routine is called.
 */

void init_crc32_tab( void ) {
  400220:	b430      	push	{r4, r5}
  400222:	4d0c      	ldr	r5, [pc, #48]	; (400254 <init_crc32_tab+0x34>)
  400224:	1f2c      	subs	r4, r5, #4
  400226:	f505 757f 	add.w	r5, r5, #1020	; 0x3fc

	uint32_t i;
	uint32_t j;
	uint32_t crc;

	for (i=0; i<256; i++) {
  40022a:	2000      	movs	r0, #0

		crc = i;

		for (j=0; j<8; j++) {

			if ( crc & 0x00000001L ) crc = ( crc >> 1 ) ^ CRC_POLY_32;
  40022c:	490a      	ldr	r1, [pc, #40]	; (400258 <init_crc32_tab+0x38>)
  40022e:	e004      	b.n	40023a <init_crc32_tab+0x1a>
			else                     crc =   crc >> 1;
		}

		crc_tab32[i] = crc;
  400230:	f844 3f04 	str.w	r3, [r4, #4]!
	for (i=0; i<256; i++) {
  400234:	3001      	adds	r0, #1
  400236:	42ac      	cmp	r4, r5
  400238:	d00a      	beq.n	400250 <init_crc32_tab+0x30>
void init_crc32_tab( void ) {
  40023a:	4603      	mov	r3, r0
  40023c:	2208      	movs	r2, #8
			if ( crc & 0x00000001L ) crc = ( crc >> 1 ) ^ CRC_POLY_32;
  40023e:	f013 0f01 	tst.w	r3, #1
  400242:	bf14      	ite	ne
  400244:	ea81 0353 	eorne.w	r3, r1, r3, lsr #1
			else                     crc =   crc >> 1;
  400248:	085b      	lsreq	r3, r3, #1
		for (j=0; j<8; j++) {
  40024a:	3a01      	subs	r2, #1
  40024c:	d1f7      	bne.n	40023e <init_crc32_tab+0x1e>
  40024e:	e7ef      	b.n	400230 <init_crc32_tab+0x10>
	}

}  /* init_crc32_tab */
  400250:	bc30      	pop	{r4, r5}
  400252:	4770      	bx	lr
  400254:	20400274 	.word	0x20400274
  400258:	edb88320 	.word	0xedb88320

0040025c <Dummy_Handler>:

/**
 * \brief Default interrupt handler for unused IRQs.
 */
void Dummy_Handler(void)
{
  40025c:	e7fe      	b.n	40025c <Dummy_Handler>
	...

00400260 <Reset_Handler>:
{
  400260:	b508      	push	{r3, lr}
        if (pSrc != pDest) {
  400262:	4b17      	ldr	r3, [pc, #92]	; (4002c0 <Reset_Handler+0x60>)
  400264:	4a17      	ldr	r2, [pc, #92]	; (4002c4 <Reset_Handler+0x64>)
  400266:	429a      	cmp	r2, r3
  400268:	d010      	beq.n	40028c <Reset_Handler+0x2c>
                for (; pDest < &_erelocate;) {
  40026a:	4b17      	ldr	r3, [pc, #92]	; (4002c8 <Reset_Handler+0x68>)
  40026c:	4a14      	ldr	r2, [pc, #80]	; (4002c0 <Reset_Handler+0x60>)
  40026e:	429a      	cmp	r2, r3
  400270:	d20c      	bcs.n	40028c <Reset_Handler+0x2c>
  400272:	3b01      	subs	r3, #1
  400274:	1a9b      	subs	r3, r3, r2
  400276:	f023 0303 	bic.w	r3, r3, #3
  40027a:	3304      	adds	r3, #4
  40027c:	4413      	add	r3, r2
  40027e:	4911      	ldr	r1, [pc, #68]	; (4002c4 <Reset_Handler+0x64>)
                        *pDest++ = *pSrc++;
  400280:	f851 0b04 	ldr.w	r0, [r1], #4
  400284:	f842 0b04 	str.w	r0, [r2], #4
                for (; pDest < &_erelocate;) {
  400288:	429a      	cmp	r2, r3
  40028a:	d1f9      	bne.n	400280 <Reset_Handler+0x20>
        for (pDest = &_szero; pDest < &_ezero;) {
  40028c:	4b0f      	ldr	r3, [pc, #60]	; (4002cc <Reset_Handler+0x6c>)
  40028e:	4a10      	ldr	r2, [pc, #64]	; (4002d0 <Reset_Handler+0x70>)
  400290:	429a      	cmp	r2, r3
  400292:	d20a      	bcs.n	4002aa <Reset_Handler+0x4a>
  400294:	3b01      	subs	r3, #1
  400296:	1a9b      	subs	r3, r3, r2
  400298:	f023 0303 	bic.w	r3, r3, #3
  40029c:	3304      	adds	r3, #4
  40029e:	4413      	add	r3, r2
                *pDest++ = 0;
  4002a0:	2100      	movs	r1, #0
  4002a2:	f842 1b04 	str.w	r1, [r2], #4
        for (pDest = &_szero; pDest < &_ezero;) {
  4002a6:	4293      	cmp	r3, r2
  4002a8:	d1fb      	bne.n	4002a2 <Reset_Handler+0x42>
        SCB->VTOR = ((uint32_t) pSrc & SCB_VTOR_TBLOFF_Msk);
  4002aa:	4a0a      	ldr	r2, [pc, #40]	; (4002d4 <Reset_Handler+0x74>)
  4002ac:	4b0a      	ldr	r3, [pc, #40]	; (4002d8 <Reset_Handler+0x78>)
  4002ae:	f023 037f 	bic.w	r3, r3, #127	; 0x7f
  4002b2:	6093      	str	r3, [r2, #8]
        __libc_init_array();
  4002b4:	4b09      	ldr	r3, [pc, #36]	; (4002dc <Reset_Handler+0x7c>)
  4002b6:	4798      	blx	r3
        main();
  4002b8:	4b09      	ldr	r3, [pc, #36]	; (4002e0 <Reset_Handler+0x80>)
  4002ba:	4798      	blx	r3
  4002bc:	e7fe      	b.n	4002bc <Reset_Handler+0x5c>
  4002be:	bf00      	nop
  4002c0:	20400000 	.word	0x20400000
  4002c4:	00403540 	.word	0x00403540
  4002c8:	20400258 	.word	0x20400258
  4002cc:	20402d48 	.word	0x20402d48
  4002d0:	20400258 	.word	0x20400258
  4002d4:	e000ed00 	.word	0xe000ed00
  4002d8:	00400000 	.word	0x00400000
  4002dc:	0040153d 	.word	0x0040153d
  4002e0:	00401239 	.word	0x00401239

004002e4 <FLASH_0_init>:
void FLASH_0_CLOCK_init(void)
{
}

void FLASH_0_init(void)
{
  4002e4:	b508      	push	{r3, lr}
	FLASH_0_CLOCK_init();
	flash_init(&FLASH_0, EFC);
  4002e6:	4902      	ldr	r1, [pc, #8]	; (4002f0 <FLASH_0_init+0xc>)
  4002e8:	4802      	ldr	r0, [pc, #8]	; (4002f4 <FLASH_0_init+0x10>)
  4002ea:	4b03      	ldr	r3, [pc, #12]	; (4002f8 <FLASH_0_init+0x14>)
  4002ec:	4798      	blx	r3
  4002ee:	bd08      	pop	{r3, pc}
  4002f0:	400e0c00 	.word	0x400e0c00
  4002f4:	204026f8 	.word	0x204026f8
  4002f8:	0040046d 	.word	0x0040046d

004002fc <FTDI_UART_CLOCK_init>:
}

static inline hri_pmc_pcsr0_reg_t hri_pmc_get_PCSR0_reg(const void *const hw, hri_pmc_pcsr0_reg_t mask)
{
	uint32_t tmp;
	tmp = ((Pmc *)hw)->PMC_PCSR0;
  4002fc:	4b04      	ldr	r3, [pc, #16]	; (400310 <FTDI_UART_CLOCK_init+0x14>)
  4002fe:	699b      	ldr	r3, [r3, #24]
 *
 */
static inline void _pmc_enable_periph_clock(uint32_t periph_id)
{
	if (periph_id < 32) {
		if (!hri_pmc_get_PCSR0_reg(PMC, (1 << periph_id))) {
  400300:	f413 5f00 	tst.w	r3, #8192	; 0x2000
  400304:	d103      	bne.n	40030e <FTDI_UART_CLOCK_init+0x12>
	((Pmc *)hw)->PMC_PCER0 = mask;
  400306:	f44f 5200 	mov.w	r2, #8192	; 0x2000
  40030a:	4b01      	ldr	r3, [pc, #4]	; (400310 <FTDI_UART_CLOCK_init+0x14>)
  40030c:	611a      	str	r2, [r3, #16]
  40030e:	4770      	bx	lr
  400310:	400e0600 	.word	0x400e0600

00400314 <FTDI_UART_PORT_init>:
}

static inline void hri_pio_clear_ABCDSR_reg(const void *const hw, uint8_t index, hri_pio_abcdsr_reg_t mask)
{
	PIO_CRITICAL_SECTION_ENTER();
	((Pio *)hw)->PIO_ABCDSR[index] &= ~mask;
  400314:	4b0a      	ldr	r3, [pc, #40]	; (400340 <FTDI_UART_PORT_init+0x2c>)
  400316:	6f1a      	ldr	r2, [r3, #112]	; 0x70
  400318:	f022 0201 	bic.w	r2, r2, #1
  40031c:	671a      	str	r2, [r3, #112]	; 0x70
	((Pio *)hw)->PIO_ABCDSR[index] |= mask;
  40031e:	6f5a      	ldr	r2, [r3, #116]	; 0x74
  400320:	f042 0201 	orr.w	r2, r2, #1
  400324:	675a      	str	r2, [r3, #116]	; 0x74
	((Pio *)hw)->PIO_PDR = mask;
  400326:	2201      	movs	r2, #1
  400328:	605a      	str	r2, [r3, #4]
	((Pio *)hw)->PIO_ABCDSR[index] &= ~mask;
  40032a:	6f1a      	ldr	r2, [r3, #112]	; 0x70
  40032c:	f022 0202 	bic.w	r2, r2, #2
  400330:	671a      	str	r2, [r3, #112]	; 0x70
	((Pio *)hw)->PIO_ABCDSR[index] |= mask;
  400332:	6f5a      	ldr	r2, [r3, #116]	; 0x74
  400334:	f042 0202 	orr.w	r2, r2, #2
  400338:	675a      	str	r2, [r3, #116]	; 0x74
	((Pio *)hw)->PIO_PDR = mask;
  40033a:	2202      	movs	r2, #2
  40033c:	605a      	str	r2, [r3, #4]
  40033e:	4770      	bx	lr
  400340:	400e1000 	.word	0x400e1000

00400344 <FTDI_UART_init>:
 * \brief USART initialization function
 *
 * Enables USART peripheral, clocks and initializes USART driver
 */
void FTDI_UART_init(void)
{
  400344:	b510      	push	{r4, lr}
  400346:	b082      	sub	sp, #8
	FTDI_UART_CLOCK_init();
  400348:	4b07      	ldr	r3, [pc, #28]	; (400368 <FTDI_UART_init+0x24>)
  40034a:	4798      	blx	r3
	FTDI_UART_PORT_init();
  40034c:	4b07      	ldr	r3, [pc, #28]	; (40036c <FTDI_UART_init+0x28>)
  40034e:	4798      	blx	r3
	usart_async_init(&FTDI_UART, USART0, FTDI_UART_buffer, FTDI_UART_BUFFER_SIZE, _usart_get_usart_async());
  400350:	4b07      	ldr	r3, [pc, #28]	; (400370 <FTDI_UART_init+0x2c>)
  400352:	4798      	blx	r3
  400354:	9000      	str	r0, [sp, #0]
  400356:	2310      	movs	r3, #16
  400358:	4a06      	ldr	r2, [pc, #24]	; (400374 <FTDI_UART_init+0x30>)
  40035a:	4907      	ldr	r1, [pc, #28]	; (400378 <FTDI_UART_init+0x34>)
  40035c:	4807      	ldr	r0, [pc, #28]	; (40037c <FTDI_UART_init+0x38>)
  40035e:	4c08      	ldr	r4, [pc, #32]	; (400380 <FTDI_UART_init+0x3c>)
  400360:	47a0      	blx	r4
}
  400362:	b002      	add	sp, #8
  400364:	bd10      	pop	{r4, pc}
  400366:	bf00      	nop
  400368:	004002fd 	.word	0x004002fd
  40036c:	00400315 	.word	0x00400315
  400370:	004010e1 	.word	0x004010e1
  400374:	20400674 	.word	0x20400674
  400378:	40024000 	.word	0x40024000
  40037c:	204026a8 	.word	0x204026a8
  400380:	004007b5 	.word	0x004007b5

00400384 <system_init>:

void system_init(void)
{
  400384:	b508      	push	{r3, lr}
 * Currently the following initialization functions are supported:
 *  - System clock initialization
 */
static inline void init_mcu(void)
{
	_init_chip();
  400386:	4b19      	ldr	r3, [pc, #100]	; (4003ec <system_init+0x68>)
  400388:	4798      	blx	r3
	tmp = ((Pmc *)hw)->PMC_PCSR0;
  40038a:	4b19      	ldr	r3, [pc, #100]	; (4003f0 <system_init+0x6c>)
  40038c:	699b      	ldr	r3, [r3, #24]
  40038e:	f413 6f80 	tst.w	r3, #1024	; 0x400
  400392:	d103      	bne.n	40039c <system_init+0x18>
	((Pmc *)hw)->PMC_PCER0 = mask;
  400394:	f44f 6280 	mov.w	r2, #1024	; 0x400
  400398:	4b15      	ldr	r3, [pc, #84]	; (4003f0 <system_init+0x6c>)
  40039a:	611a      	str	r2, [r3, #16]
}

static inline void hri_wdt_set_MR_WDDIS_bit(const void *const hw)
{
	WDT_CRITICAL_SECTION_ENTER();
	((Wdt *)hw)->WDT_MR |= WDT_MR_WDDIS;
  40039c:	4a15      	ldr	r2, [pc, #84]	; (4003f4 <system_init+0x70>)
  40039e:	6853      	ldr	r3, [r2, #4]
  4003a0:	f443 4300 	orr.w	r3, r3, #32768	; 0x8000
  4003a4:	6053      	str	r3, [r2, #4]
	((Pio *)hw)->PIO_CODR = mask;
  4003a6:	4b14      	ldr	r3, [pc, #80]	; (4003f8 <system_init+0x74>)
  4003a8:	2202      	movs	r2, #2
  4003aa:	635a      	str	r2, [r3, #52]	; 0x34
	((Pio *)hw)->PIO_OER = mask;
  4003ac:	611a      	str	r2, [r3, #16]
	((Pio *)hw)->PIO_PER = mask;
  4003ae:	601a      	str	r2, [r3, #0]
	((Pio *)hw)->PIO_CODR = mask;
  4003b0:	f44f 7280 	mov.w	r2, #256	; 0x100
  4003b4:	635a      	str	r2, [r3, #52]	; 0x34
	((Pio *)hw)->PIO_OER = mask;
  4003b6:	611a      	str	r2, [r3, #16]
	((Pio *)hw)->PIO_PER = mask;
  4003b8:	601a      	str	r2, [r3, #0]
	((Pio *)hw)->PIO_CODR = mask;
  4003ba:	f44f 3280 	mov.w	r2, #65536	; 0x10000
  4003be:	635a      	str	r2, [r3, #52]	; 0x34
	((Pio *)hw)->PIO_OER = mask;
  4003c0:	611a      	str	r2, [r3, #16]
	((Pio *)hw)->PIO_PER = mask;
  4003c2:	601a      	str	r2, [r3, #0]
	((Pio *)hw)->PIO_CODR = mask;
  4003c4:	f44f 3200 	mov.w	r2, #131072	; 0x20000
  4003c8:	635a      	str	r2, [r3, #52]	; 0x34
	((Pio *)hw)->PIO_OER = mask;
  4003ca:	611a      	str	r2, [r3, #16]
	((Pio *)hw)->PIO_PER = mask;
  4003cc:	601a      	str	r2, [r3, #0]
	((Pio *)hw)->PIO_CODR = mask;
  4003ce:	f44f 2280 	mov.w	r2, #262144	; 0x40000
  4003d2:	635a      	str	r2, [r3, #52]	; 0x34
	((Pio *)hw)->PIO_OER = mask;
  4003d4:	611a      	str	r2, [r3, #16]
	((Pio *)hw)->PIO_PER = mask;
  4003d6:	601a      	str	r2, [r3, #0]
	((Pio *)hw)->PIO_CODR = mask;
  4003d8:	f44f 1200 	mov.w	r2, #2097152	; 0x200000
  4003dc:	635a      	str	r2, [r3, #52]	; 0x34
	((Pio *)hw)->PIO_OER = mask;
  4003de:	611a      	str	r2, [r3, #16]
	((Pio *)hw)->PIO_PER = mask;
  4003e0:	601a      	str	r2, [r3, #0]
	// Set pin direction to output
	gpio_set_pin_direction(IO_PUMP_EN, GPIO_DIRECTION_OUT);

	gpio_set_pin_function(IO_PUMP_EN, GPIO_PIN_FUNCTION_OFF);

	FLASH_0_init();
  4003e2:	4b06      	ldr	r3, [pc, #24]	; (4003fc <system_init+0x78>)
  4003e4:	4798      	blx	r3

	FTDI_UART_init();
  4003e6:	4b06      	ldr	r3, [pc, #24]	; (400400 <system_init+0x7c>)
  4003e8:	4798      	blx	r3
  4003ea:	bd08      	pop	{r3, pc}
  4003ec:	00400a2d 	.word	0x00400a2d
  4003f0:	400e0600 	.word	0x400e0600
  4003f4:	400e1850 	.word	0x400e1850
  4003f8:	400e0e00 	.word	0x400e0e00
  4003fc:	004002e5 	.word	0x004002e5
  400400:	00400345 	.word	0x00400345

00400404 <atomic_enter_critical>:
 */
__STATIC_FORCEINLINE uint32_t __get_PRIMASK(void)
{
  uint32_t result;

  __ASM volatile ("MRS %0, primask" : "=r" (result) :: "memory");
  400404:	f3ef 8310 	mrs	r3, PRIMASK
/**
 * \brief Disable interrupts, enter critical section
 */
void atomic_enter_critical(hal_atomic_t volatile *atomic)
{
	*atomic = __get_PRIMASK();
  400408:	6003      	str	r3, [r0, #0]
  __ASM volatile ("cpsid i" : : : "memory");
  40040a:	b672      	cpsid	i
  \details Ensures the apparent order of the explicit memory operations before
           and after the instruction, without ensuring their completion.
 */
__STATIC_FORCEINLINE void __DMB(void)
{
  __ASM volatile ("dmb 0xF":::"memory");
  40040c:	f3bf 8f5f 	dmb	sy
  400410:	4770      	bx	lr

00400412 <atomic_leave_critical>:
  400412:	f3bf 8f5f 	dmb	sy
 * \brief Exit atomic section
 */
void atomic_leave_critical(hal_atomic_t volatile *atomic)
{
	__DMB();
	__set_PRIMASK(*atomic);
  400416:	6803      	ldr	r3, [r0, #0]
  __ASM volatile ("MSR primask, %0" : : "r" (priMask) : "memory");
  400418:	f383 8810 	msr	PRIMASK, r3
  40041c:	4770      	bx	lr

0040041e <flash_ready>:
 * \internal Ready for a new flash command
 *
 * \param[in] device The pointer to flash device structure
 */
static void flash_ready(struct _flash_device *device)
{
  40041e:	b508      	push	{r3, lr}
	struct flash_descriptor *const descr = CONTAINER_OF(device, struct flash_descriptor, dev);
	if (descr->callbacks.cb_ready) {
  400420:	6943      	ldr	r3, [r0, #20]
  400422:	b103      	cbz	r3, 400426 <flash_ready+0x8>
		descr->callbacks.cb_ready(descr);
  400424:	4798      	blx	r3
  400426:	bd08      	pop	{r3, pc}

00400428 <flash_error>:
 * \internal Error occurs in flash command
 *
 * \param[in] device The pointer to flash device structure
 */
static void flash_error(struct _flash_device *device)
{
  400428:	b508      	push	{r3, lr}
	struct flash_descriptor *const descr = CONTAINER_OF(device, struct flash_descriptor, dev);
	if (descr->callbacks.cb_error) {
  40042a:	6983      	ldr	r3, [r0, #24]
  40042c:	b103      	cbz	r3, 400430 <flash_error+0x8>
		descr->callbacks.cb_error(descr);
  40042e:	4798      	blx	r3
  400430:	bd08      	pop	{r3, pc}
	...

00400434 <flash_is_address_aligned>:
{
  400434:	b538      	push	{r3, r4, r5, lr}
  400436:	460c      	mov	r4, r1
	ASSERT(flash);
  400438:	4605      	mov	r5, r0
  40043a:	f240 1217 	movw	r2, #279	; 0x117
  40043e:	4908      	ldr	r1, [pc, #32]	; (400460 <flash_is_address_aligned+0x2c>)
  400440:	3000      	adds	r0, #0
  400442:	bf18      	it	ne
  400444:	2001      	movne	r0, #1
  400446:	4b07      	ldr	r3, [pc, #28]	; (400464 <flash_is_address_aligned+0x30>)
  400448:	4798      	blx	r3
	uint32_t page_size = _flash_get_page_size(&flash->dev);
  40044a:	4628      	mov	r0, r5
  40044c:	4b06      	ldr	r3, [pc, #24]	; (400468 <flash_is_address_aligned+0x34>)
  40044e:	4798      	blx	r3
	if (flash_addr & (page_size - 1)) {
  400450:	3801      	subs	r0, #1
  400452:	4020      	ands	r0, r4
	return ERR_NONE;
  400454:	2800      	cmp	r0, #0
}
  400456:	bf14      	ite	ne
  400458:	f06f 000d 	mvnne.w	r0, #13
  40045c:	2000      	moveq	r0, #0
  40045e:	bd38      	pop	{r3, r4, r5, pc}
  400460:	00403180 	.word	0x00403180
  400464:	00400911 	.word	0x00400911
  400468:	00400acd 	.word	0x00400acd

0040046c <flash_init>:
{
  40046c:	b538      	push	{r3, r4, r5, lr}
	ASSERT(flash && hw);
  40046e:	4604      	mov	r4, r0
  400470:	460d      	mov	r5, r1
  400472:	2800      	cmp	r0, #0
  400474:	bf18      	it	ne
  400476:	2900      	cmpne	r1, #0
  400478:	bf14      	ite	ne
  40047a:	2001      	movne	r0, #1
  40047c:	2000      	moveq	r0, #0
  40047e:	2238      	movs	r2, #56	; 0x38
  400480:	4907      	ldr	r1, [pc, #28]	; (4004a0 <flash_init+0x34>)
  400482:	4b08      	ldr	r3, [pc, #32]	; (4004a4 <flash_init+0x38>)
  400484:	4798      	blx	r3
	rc = _flash_init(&flash->dev, hw);
  400486:	4629      	mov	r1, r5
  400488:	4620      	mov	r0, r4
  40048a:	4b07      	ldr	r3, [pc, #28]	; (4004a8 <flash_init+0x3c>)
  40048c:	4798      	blx	r3
	if (rc) {
  40048e:	4603      	mov	r3, r0
  400490:	b918      	cbnz	r0, 40049a <flash_init+0x2e>
	flash->dev.flash_cb.ready_cb = flash_ready;
  400492:	4a06      	ldr	r2, [pc, #24]	; (4004ac <flash_init+0x40>)
  400494:	6022      	str	r2, [r4, #0]
	flash->dev.flash_cb.error_cb = flash_error;
  400496:	4a06      	ldr	r2, [pc, #24]	; (4004b0 <flash_init+0x44>)
  400498:	6062      	str	r2, [r4, #4]
}
  40049a:	4618      	mov	r0, r3
  40049c:	bd38      	pop	{r3, r4, r5, pc}
  40049e:	bf00      	nop
  4004a0:	00403180 	.word	0x00403180
  4004a4:	00400911 	.word	0x00400911
  4004a8:	00400a81 	.word	0x00400a81
  4004ac:	0040041f 	.word	0x0040041f
  4004b0:	00400429 	.word	0x00400429

004004b4 <flash_write>:
{
  4004b4:	e92d 41f0 	stmdb	sp!, {r4, r5, r6, r7, r8, lr}
  4004b8:	460e      	mov	r6, r1
	ASSERT(flash && buffer && length);
  4004ba:	4690      	mov	r8, r2
  4004bc:	461f      	mov	r7, r3
  4004be:	2a00      	cmp	r2, #0
  4004c0:	bf18      	it	ne
  4004c2:	2b00      	cmpne	r3, #0
  4004c4:	bf14      	ite	ne
  4004c6:	2301      	movne	r3, #1
  4004c8:	2300      	moveq	r3, #0
  4004ca:	4605      	mov	r5, r0
  4004cc:	226a      	movs	r2, #106	; 0x6a
  4004ce:	4918      	ldr	r1, [pc, #96]	; (400530 <flash_write+0x7c>)
  4004d0:	2800      	cmp	r0, #0
  4004d2:	bf0c      	ite	eq
  4004d4:	2000      	moveq	r0, #0
  4004d6:	f003 0001 	andne.w	r0, r3, #1
  4004da:	4b16      	ldr	r3, [pc, #88]	; (400534 <flash_write+0x80>)
  4004dc:	4798      	blx	r3
	uint32_t page_size   = _flash_get_page_size(&flash->dev);
  4004de:	4628      	mov	r0, r5
  4004e0:	4b15      	ldr	r3, [pc, #84]	; (400538 <flash_write+0x84>)
  4004e2:	4798      	blx	r3
  4004e4:	4604      	mov	r4, r0
	uint32_t total_pages = _flash_get_total_pages(&flash->dev);
  4004e6:	4628      	mov	r0, r5
  4004e8:	4b14      	ldr	r3, [pc, #80]	; (40053c <flash_write+0x88>)
  4004ea:	4798      	blx	r3
	if ((dst_addr > page_size * total_pages) || (dst_addr + length > page_size * total_pages)) {
  4004ec:	fb00 f004 	mul.w	r0, r0, r4
  4004f0:	42b0      	cmp	r0, r6
  4004f2:	d310      	bcc.n	400516 <flash_write+0x62>
  4004f4:	19bb      	adds	r3, r7, r6
  4004f6:	4298      	cmp	r0, r3
  4004f8:	d311      	bcc.n	40051e <flash_write+0x6a>
	if (_flash_is_locked(&flash->dev, dst_addr)) {
  4004fa:	4631      	mov	r1, r6
  4004fc:	4628      	mov	r0, r5
  4004fe:	4b10      	ldr	r3, [pc, #64]	; (400540 <flash_write+0x8c>)
  400500:	4798      	blx	r3
  400502:	b980      	cbnz	r0, 400526 <flash_write+0x72>
	_flash_write(&flash->dev, dst_addr, buffer, length);
  400504:	463b      	mov	r3, r7
  400506:	4642      	mov	r2, r8
  400508:	4631      	mov	r1, r6
  40050a:	4628      	mov	r0, r5
  40050c:	4c0d      	ldr	r4, [pc, #52]	; (400544 <flash_write+0x90>)
  40050e:	47a0      	blx	r4
	return ERR_NONE;
  400510:	2000      	movs	r0, #0
  400512:	e8bd 81f0 	ldmia.w	sp!, {r4, r5, r6, r7, r8, pc}
		return ERR_BAD_ADDRESS;
  400516:	f06f 000d 	mvn.w	r0, #13
  40051a:	e8bd 81f0 	ldmia.w	sp!, {r4, r5, r6, r7, r8, pc}
  40051e:	f06f 000d 	mvn.w	r0, #13
  400522:	e8bd 81f0 	ldmia.w	sp!, {r4, r5, r6, r7, r8, pc}
		return ERR_DENIED;
  400526:	f06f 0010 	mvn.w	r0, #16
}
  40052a:	e8bd 81f0 	ldmia.w	sp!, {r4, r5, r6, r7, r8, pc}
  40052e:	bf00      	nop
  400530:	00403180 	.word	0x00403180
  400534:	00400911 	.word	0x00400911
  400538:	00400acd 	.word	0x00400acd
  40053c:	00400ad3 	.word	0x00400ad3
  400540:	00400d39 	.word	0x00400d39
  400544:	00400b11 	.word	0x00400b11

00400548 <flash_erase>:
{
  400548:	e92d 43f8 	stmdb	sp!, {r3, r4, r5, r6, r7, r8, r9, lr}
  40054c:	460e      	mov	r6, r1
	ASSERT(flash && page_nums);
  40054e:	4604      	mov	r4, r0
  400550:	4617      	mov	r7, r2
  400552:	2800      	cmp	r0, #0
  400554:	bf18      	it	ne
  400556:	2a00      	cmpne	r2, #0
  400558:	bf14      	ite	ne
  40055a:	2001      	movne	r0, #1
  40055c:	2000      	moveq	r0, #0
  40055e:	229a      	movs	r2, #154	; 0x9a
  400560:	4912      	ldr	r1, [pc, #72]	; (4005ac <flash_erase+0x64>)
  400562:	4b13      	ldr	r3, [pc, #76]	; (4005b0 <flash_erase+0x68>)
  400564:	4798      	blx	r3
	uint32_t page_size   = _flash_get_page_size(&flash->dev);
  400566:	4620      	mov	r0, r4
  400568:	4b12      	ldr	r3, [pc, #72]	; (4005b4 <flash_erase+0x6c>)
  40056a:	4798      	blx	r3
  40056c:	4605      	mov	r5, r0
	uint32_t total_pages = _flash_get_total_pages(&flash->dev);
  40056e:	4620      	mov	r0, r4
  400570:	4b11      	ldr	r3, [pc, #68]	; (4005b8 <flash_erase+0x70>)
  400572:	4798      	blx	r3
  400574:	4680      	mov	r8, r0
	rc = flash_is_address_aligned(flash, dst_addr);
  400576:	4631      	mov	r1, r6
  400578:	4620      	mov	r0, r4
  40057a:	4b10      	ldr	r3, [pc, #64]	; (4005bc <flash_erase+0x74>)
  40057c:	4798      	blx	r3
	if (rc) {
  40057e:	4681      	mov	r9, r0
  400580:	b958      	cbnz	r0, 40059a <flash_erase+0x52>
	if ((page_nums > total_pages) || (dst_addr / page_size + page_nums > total_pages)) {
  400582:	4547      	cmp	r7, r8
  400584:	d80c      	bhi.n	4005a0 <flash_erase+0x58>
  400586:	fbb6 f5f5 	udiv	r5, r6, r5
  40058a:	443d      	add	r5, r7
  40058c:	45a8      	cmp	r8, r5
  40058e:	d30a      	bcc.n	4005a6 <flash_erase+0x5e>
	_flash_erase(&flash->dev, dst_addr, page_nums);
  400590:	463a      	mov	r2, r7
  400592:	4631      	mov	r1, r6
  400594:	4620      	mov	r0, r4
  400596:	4b0a      	ldr	r3, [pc, #40]	; (4005c0 <flash_erase+0x78>)
  400598:	4798      	blx	r3
}
  40059a:	4648      	mov	r0, r9
  40059c:	e8bd 83f8 	ldmia.w	sp!, {r3, r4, r5, r6, r7, r8, r9, pc}
		return ERR_INVALID_ARG;
  4005a0:	f06f 090c 	mvn.w	r9, #12
  4005a4:	e7f9      	b.n	40059a <flash_erase+0x52>
  4005a6:	f06f 090c 	mvn.w	r9, #12
  4005aa:	e7f6      	b.n	40059a <flash_erase+0x52>
  4005ac:	00403180 	.word	0x00403180
  4005b0:	00400911 	.word	0x00400911
  4005b4:	00400acd 	.word	0x00400acd
  4005b8:	00400ad3 	.word	0x00400ad3
  4005bc:	00400435 	.word	0x00400435
  4005c0:	00400c21 	.word	0x00400c21

004005c4 <flash_get_page_size>:
{
  4005c4:	b510      	push	{r4, lr}
	ASSERT(flash);
  4005c6:	4604      	mov	r4, r0
  4005c8:	22f7      	movs	r2, #247	; 0xf7
  4005ca:	4905      	ldr	r1, [pc, #20]	; (4005e0 <flash_get_page_size+0x1c>)
  4005cc:	3000      	adds	r0, #0
  4005ce:	bf18      	it	ne
  4005d0:	2001      	movne	r0, #1
  4005d2:	4b04      	ldr	r3, [pc, #16]	; (4005e4 <flash_get_page_size+0x20>)
  4005d4:	4798      	blx	r3
	return _flash_get_page_size(&flash->dev);
  4005d6:	4620      	mov	r0, r4
  4005d8:	4b03      	ldr	r3, [pc, #12]	; (4005e8 <flash_get_page_size+0x24>)
  4005da:	4798      	blx	r3
}
  4005dc:	bd10      	pop	{r4, pc}
  4005de:	bf00      	nop
  4005e0:	00403180 	.word	0x00403180
  4005e4:	00400911 	.word	0x00400911
  4005e8:	00400acd 	.word	0x00400acd

004005ec <io_write>:

/**
 * \brief I/O write interface
 */
int32_t io_write(struct io_descriptor *const io_descr, const uint8_t *const buf, const uint16_t length)
{
  4005ec:	b570      	push	{r4, r5, r6, lr}
  4005ee:	4616      	mov	r6, r2
	ASSERT(io_descr && buf);
  4005f0:	4604      	mov	r4, r0
  4005f2:	460d      	mov	r5, r1
  4005f4:	2800      	cmp	r0, #0
  4005f6:	bf18      	it	ne
  4005f8:	2900      	cmpne	r1, #0
  4005fa:	bf14      	ite	ne
  4005fc:	2001      	movne	r0, #1
  4005fe:	2000      	moveq	r0, #0
  400600:	2234      	movs	r2, #52	; 0x34
  400602:	4904      	ldr	r1, [pc, #16]	; (400614 <io_write+0x28>)
  400604:	4b04      	ldr	r3, [pc, #16]	; (400618 <io_write+0x2c>)
  400606:	4798      	blx	r3
	return io_descr->write(io_descr, buf, length);
  400608:	6823      	ldr	r3, [r4, #0]
  40060a:	4632      	mov	r2, r6
  40060c:	4629      	mov	r1, r5
  40060e:	4620      	mov	r0, r4
  400610:	4798      	blx	r3
}
  400612:	bd70      	pop	{r4, r5, r6, pc}
  400614:	00403198 	.word	0x00403198
  400618:	00400911 	.word	0x00400911

0040061c <io_read>:

/**
 * \brief I/O read interface
 */
int32_t io_read(struct io_descriptor *const io_descr, uint8_t *const buf, const uint16_t length)
{
  40061c:	b570      	push	{r4, r5, r6, lr}
  40061e:	4616      	mov	r6, r2
	ASSERT(io_descr && buf);
  400620:	4604      	mov	r4, r0
  400622:	460d      	mov	r5, r1
  400624:	2800      	cmp	r0, #0
  400626:	bf18      	it	ne
  400628:	2900      	cmpne	r1, #0
  40062a:	bf14      	ite	ne
  40062c:	2001      	movne	r0, #1
  40062e:	2000      	moveq	r0, #0
  400630:	223d      	movs	r2, #61	; 0x3d
  400632:	4904      	ldr	r1, [pc, #16]	; (400644 <io_read+0x28>)
  400634:	4b04      	ldr	r3, [pc, #16]	; (400648 <io_read+0x2c>)
  400636:	4798      	blx	r3
	return io_descr->read(io_descr, buf, length);
  400638:	6863      	ldr	r3, [r4, #4]
  40063a:	4632      	mov	r2, r6
  40063c:	4629      	mov	r1, r5
  40063e:	4620      	mov	r0, r4
  400640:	4798      	blx	r3
}
  400642:	bd70      	pop	{r4, r5, r6, pc}
  400644:	00403198 	.word	0x00403198
  400648:	00400911 	.word	0x00400911

0040064c <usart_transmission_complete>:
 * \brief Process completion of data sending
 *
 * \param[in] device The pointer to device structure
 */
static void usart_transmission_complete(struct _usart_async_device *device)
{
  40064c:	b508      	push	{r3, lr}
	struct usart_async_descriptor *descr = CONTAINER_OF(device, struct usart_async_descriptor, device);

	descr->stat = 0;
  40064e:	2300      	movs	r3, #0
  400650:	6283      	str	r3, [r0, #40]	; 0x28
	if (descr->usart_cb.tx_done) {
  400652:	69c3      	ldr	r3, [r0, #28]
  400654:	b11b      	cbz	r3, 40065e <usart_transmission_complete+0x12>
  400656:	f1a0 0208 	sub.w	r2, r0, #8
		descr->usart_cb.tx_done(descr);
  40065a:	4610      	mov	r0, r2
  40065c:	4798      	blx	r3
  40065e:	bd08      	pop	{r3, pc}

00400660 <usart_error>:
 * \brief Process error interrupt
 *
 * \param[in] device The pointer to device structure
 */
static void usart_error(struct _usart_async_device *device)
{
  400660:	b508      	push	{r3, lr}
	struct usart_async_descriptor *descr = CONTAINER_OF(device, struct usart_async_descriptor, device);

	descr->stat = 0;
  400662:	2300      	movs	r3, #0
  400664:	6283      	str	r3, [r0, #40]	; 0x28
	if (descr->usart_cb.error) {
  400666:	6a43      	ldr	r3, [r0, #36]	; 0x24
  400668:	b11b      	cbz	r3, 400672 <usart_error+0x12>
  40066a:	f1a0 0208 	sub.w	r2, r0, #8
		descr->usart_cb.error(descr);
  40066e:	4610      	mov	r0, r2
  400670:	4798      	blx	r3
  400672:	bd08      	pop	{r3, pc}

00400674 <usart_fill_rx_buffer>:
{
  400674:	b538      	push	{r3, r4, r5, lr}
  400676:	4604      	mov	r4, r0
	struct usart_async_descriptor *descr = CONTAINER_OF(device, struct usart_async_descriptor, device);
  400678:	f1a0 0508 	sub.w	r5, r0, #8
	ringbuffer_put(&descr->rx, data);
  40067c:	302c      	adds	r0, #44	; 0x2c
  40067e:	4b03      	ldr	r3, [pc, #12]	; (40068c <usart_fill_rx_buffer+0x18>)
  400680:	4798      	blx	r3
	if (descr->usart_cb.rx_done) {
  400682:	6a23      	ldr	r3, [r4, #32]
  400684:	b10b      	cbz	r3, 40068a <usart_fill_rx_buffer+0x16>
		descr->usart_cb.rx_done(descr);
  400686:	4628      	mov	r0, r5
  400688:	4798      	blx	r3
  40068a:	bd38      	pop	{r3, r4, r5, pc}
  40068c:	004009a5 	.word	0x004009a5

00400690 <usart_async_write>:
{
  400690:	b570      	push	{r4, r5, r6, lr}
	ASSERT(descr && buf && length);
  400692:	460e      	mov	r6, r1
  400694:	4615      	mov	r5, r2
  400696:	2900      	cmp	r1, #0
  400698:	bf18      	it	ne
  40069a:	2a00      	cmpne	r2, #0
  40069c:	bf14      	ite	ne
  40069e:	2301      	movne	r3, #1
  4006a0:	2300      	moveq	r3, #0
  4006a2:	4604      	mov	r4, r0
  4006a4:	f240 123b 	movw	r2, #315	; 0x13b
  4006a8:	490f      	ldr	r1, [pc, #60]	; (4006e8 <usart_async_write+0x58>)
  4006aa:	2800      	cmp	r0, #0
  4006ac:	bf0c      	ite	eq
  4006ae:	2000      	moveq	r0, #0
  4006b0:	f003 0001 	andne.w	r0, r3, #1
  4006b4:	4b0d      	ldr	r3, [pc, #52]	; (4006ec <usart_async_write+0x5c>)
  4006b6:	4798      	blx	r3
	if (descr->tx_por != descr->tx_buffer_length) {
  4006b8:	f8b4 2044 	ldrh.w	r2, [r4, #68]	; 0x44
  4006bc:	f8b4 304c 	ldrh.w	r3, [r4, #76]	; 0x4c
  4006c0:	429a      	cmp	r2, r3
  4006c2:	d10d      	bne.n	4006e0 <usart_async_write+0x50>
	descr->tx_buffer        = (uint8_t *)buf;
  4006c4:	64a6      	str	r6, [r4, #72]	; 0x48
	descr->tx_buffer_length = length;
  4006c6:	f8a4 504c 	strh.w	r5, [r4, #76]	; 0x4c
	descr->tx_por           = 0;
  4006ca:	2300      	movs	r3, #0
  4006cc:	f8a4 3044 	strh.w	r3, [r4, #68]	; 0x44
	descr->stat             = USART_ASYNC_STATUS_BUSY;
  4006d0:	2301      	movs	r3, #1
  4006d2:	6323      	str	r3, [r4, #48]	; 0x30
	_usart_async_enable_byte_sent_irq(&descr->device);
  4006d4:	f104 0008 	add.w	r0, r4, #8
  4006d8:	4b05      	ldr	r3, [pc, #20]	; (4006f0 <usart_async_write+0x60>)
  4006da:	4798      	blx	r3
	return (int32_t)length;
  4006dc:	4628      	mov	r0, r5
  4006de:	bd70      	pop	{r4, r5, r6, pc}
		return ERR_NO_RESOURCE;
  4006e0:	f06f 001b 	mvn.w	r0, #27
}
  4006e4:	bd70      	pop	{r4, r5, r6, pc}
  4006e6:	bf00      	nop
  4006e8:	004031ac 	.word	0x004031ac
  4006ec:	00400911 	.word	0x00400911
  4006f0:	00401011 	.word	0x00401011

004006f4 <usart_process_byte_sent>:
{
  4006f4:	b510      	push	{r4, lr}
  4006f6:	4604      	mov	r4, r0
	if (descr->tx_por != descr->tx_buffer_length) {
  4006f8:	8f83      	ldrh	r3, [r0, #60]	; 0x3c
  4006fa:	f8b0 2044 	ldrh.w	r2, [r0, #68]	; 0x44
  4006fe:	429a      	cmp	r2, r3
  400700:	d009      	beq.n	400716 <usart_process_byte_sent+0x22>
		_usart_async_write_byte(&descr->device, descr->tx_buffer[descr->tx_por++]);
  400702:	6c02      	ldr	r2, [r0, #64]	; 0x40
  400704:	1c59      	adds	r1, r3, #1
  400706:	8781      	strh	r1, [r0, #60]	; 0x3c
  400708:	5cd1      	ldrb	r1, [r2, r3]
  40070a:	4b04      	ldr	r3, [pc, #16]	; (40071c <usart_process_byte_sent+0x28>)
  40070c:	4798      	blx	r3
		_usart_async_enable_byte_sent_irq(&descr->device);
  40070e:	4620      	mov	r0, r4
  400710:	4b03      	ldr	r3, [pc, #12]	; (400720 <usart_process_byte_sent+0x2c>)
  400712:	4798      	blx	r3
  400714:	bd10      	pop	{r4, pc}
		_usart_async_enable_tx_done_irq(&descr->device);
  400716:	4b03      	ldr	r3, [pc, #12]	; (400724 <usart_process_byte_sent+0x30>)
  400718:	4798      	blx	r3
  40071a:	bd10      	pop	{r4, pc}
  40071c:	00400fed 	.word	0x00400fed
  400720:	00401011 	.word	0x00401011
  400724:	00401035 	.word	0x00401035

00400728 <usart_async_read>:
{
  400728:	e92d 43f0 	stmdb	sp!, {r4, r5, r6, r7, r8, r9, lr}
  40072c:	b083      	sub	sp, #12
	ASSERT(descr && buf && length);
  40072e:	4690      	mov	r8, r2
  400730:	1c14      	adds	r4, r2, #0
  400732:	bf18      	it	ne
  400734:	2401      	movne	r4, #1
  400736:	460f      	mov	r7, r1
  400738:	2900      	cmp	r1, #0
  40073a:	bf0c      	ite	eq
  40073c:	2300      	moveq	r3, #0
  40073e:	f004 0301 	andne.w	r3, r4, #1
  400742:	4681      	mov	r9, r0
  400744:	f44f 72ac 	mov.w	r2, #344	; 0x158
  400748:	4914      	ldr	r1, [pc, #80]	; (40079c <usart_async_read+0x74>)
  40074a:	2800      	cmp	r0, #0
  40074c:	bf0c      	ite	eq
  40074e:	2000      	moveq	r0, #0
  400750:	f003 0001 	andne.w	r0, r3, #1
  400754:	4b12      	ldr	r3, [pc, #72]	; (4007a0 <usart_async_read+0x78>)
  400756:	4798      	blx	r3
	CRITICAL_SECTION_ENTER()
  400758:	a801      	add	r0, sp, #4
  40075a:	4b12      	ldr	r3, [pc, #72]	; (4007a4 <usart_async_read+0x7c>)
  40075c:	4798      	blx	r3
	num = ringbuffer_num(&descr->rx);
  40075e:	f109 0934 	add.w	r9, r9, #52	; 0x34
  400762:	4648      	mov	r0, r9
  400764:	4b10      	ldr	r3, [pc, #64]	; (4007a8 <usart_async_read+0x80>)
  400766:	4798      	blx	r3
  400768:	4606      	mov	r6, r0
	CRITICAL_SECTION_LEAVE()
  40076a:	a801      	add	r0, sp, #4
  40076c:	4b0f      	ldr	r3, [pc, #60]	; (4007ac <usart_async_read+0x84>)
  40076e:	4798      	blx	r3
	while ((was_read < num) && (was_read < length)) {
  400770:	b18e      	cbz	r6, 400796 <usart_async_read+0x6e>
  400772:	b184      	cbz	r4, 400796 <usart_async_read+0x6e>
  400774:	2100      	movs	r1, #0
  400776:	460c      	mov	r4, r1
		ringbuffer_get(&descr->rx, &buf[was_read++]);
  400778:	4d0d      	ldr	r5, [pc, #52]	; (4007b0 <usart_async_read+0x88>)
  40077a:	3401      	adds	r4, #1
  40077c:	b2a4      	uxth	r4, r4
  40077e:	4439      	add	r1, r7
  400780:	4648      	mov	r0, r9
  400782:	47a8      	blx	r5
	while ((was_read < num) && (was_read < length)) {
  400784:	4621      	mov	r1, r4
  400786:	45a0      	cmp	r8, r4
  400788:	d901      	bls.n	40078e <usart_async_read+0x66>
  40078a:	42a6      	cmp	r6, r4
  40078c:	d8f5      	bhi.n	40077a <usart_async_read+0x52>
}
  40078e:	4620      	mov	r0, r4
  400790:	b003      	add	sp, #12
  400792:	e8bd 83f0 	ldmia.w	sp!, {r4, r5, r6, r7, r8, r9, pc}
	uint16_t                       was_read = 0;
  400796:	2400      	movs	r4, #0
  400798:	e7f9      	b.n	40078e <usart_async_read+0x66>
  40079a:	bf00      	nop
  40079c:	004031ac 	.word	0x004031ac
  4007a0:	00400911 	.word	0x00400911
  4007a4:	00400405 	.word	0x00400405
  4007a8:	004009e5 	.word	0x004009e5
  4007ac:	00400413 	.word	0x00400413
  4007b0:	00400961 	.word	0x00400961

004007b4 <usart_async_init>:
{
  4007b4:	b5f8      	push	{r3, r4, r5, r6, r7, lr}
  4007b6:	4615      	mov	r5, r2
  4007b8:	461e      	mov	r6, r3
	ASSERT(descr && hw && rx_buffer && rx_buffer_length);
  4007ba:	4604      	mov	r4, r0
  4007bc:	460f      	mov	r7, r1
  4007be:	2800      	cmp	r0, #0
  4007c0:	bf18      	it	ne
  4007c2:	2900      	cmpne	r1, #0
  4007c4:	bf14      	ite	ne
  4007c6:	2001      	movne	r0, #1
  4007c8:	2000      	moveq	r0, #0
  4007ca:	d005      	beq.n	4007d8 <usart_async_init+0x24>
  4007cc:	2a00      	cmp	r2, #0
  4007ce:	bf18      	it	ne
  4007d0:	2b00      	cmpne	r3, #0
  4007d2:	bf14      	ite	ne
  4007d4:	2001      	movne	r0, #1
  4007d6:	2000      	moveq	r0, #0
  4007d8:	223a      	movs	r2, #58	; 0x3a
  4007da:	4911      	ldr	r1, [pc, #68]	; (400820 <usart_async_init+0x6c>)
  4007dc:	4b11      	ldr	r3, [pc, #68]	; (400824 <usart_async_init+0x70>)
  4007de:	4798      	blx	r3
	if (ERR_NONE != ringbuffer_init(&descr->rx, rx_buffer, rx_buffer_length)) {
  4007e0:	4632      	mov	r2, r6
  4007e2:	4629      	mov	r1, r5
  4007e4:	f104 0034 	add.w	r0, r4, #52	; 0x34
  4007e8:	4b0f      	ldr	r3, [pc, #60]	; (400828 <usart_async_init+0x74>)
  4007ea:	4798      	blx	r3
  4007ec:	b9a0      	cbnz	r0, 400818 <usart_async_init+0x64>
	init_status = _usart_async_init(&descr->device, hw);
  4007ee:	4639      	mov	r1, r7
  4007f0:	f104 0008 	add.w	r0, r4, #8
  4007f4:	4b0d      	ldr	r3, [pc, #52]	; (40082c <usart_async_init+0x78>)
  4007f6:	4798      	blx	r3
	if (init_status) {
  4007f8:	4603      	mov	r3, r0
  4007fa:	b958      	cbnz	r0, 400814 <usart_async_init+0x60>
	descr->io.read  = usart_async_read;
  4007fc:	4a0c      	ldr	r2, [pc, #48]	; (400830 <usart_async_init+0x7c>)
  4007fe:	6062      	str	r2, [r4, #4]
	descr->io.write = usart_async_write;
  400800:	4a0c      	ldr	r2, [pc, #48]	; (400834 <usart_async_init+0x80>)
  400802:	6022      	str	r2, [r4, #0]
	descr->device.usart_cb.tx_byte_sent = usart_process_byte_sent;
  400804:	4a0c      	ldr	r2, [pc, #48]	; (400838 <usart_async_init+0x84>)
  400806:	60a2      	str	r2, [r4, #8]
	descr->device.usart_cb.rx_done_cb   = usart_fill_rx_buffer;
  400808:	4a0c      	ldr	r2, [pc, #48]	; (40083c <usart_async_init+0x88>)
  40080a:	60e2      	str	r2, [r4, #12]
	descr->device.usart_cb.tx_done_cb   = usart_transmission_complete;
  40080c:	4a0c      	ldr	r2, [pc, #48]	; (400840 <usart_async_init+0x8c>)
  40080e:	6122      	str	r2, [r4, #16]
	descr->device.usart_cb.error_cb     = usart_error;
  400810:	4a0c      	ldr	r2, [pc, #48]	; (400844 <usart_async_init+0x90>)
  400812:	6162      	str	r2, [r4, #20]
}
  400814:	4618      	mov	r0, r3
  400816:	bdf8      	pop	{r3, r4, r5, r6, r7, pc}
		return ERR_INVALID_ARG;
  400818:	f06f 030c 	mvn.w	r3, #12
  40081c:	e7fa      	b.n	400814 <usart_async_init+0x60>
  40081e:	bf00      	nop
  400820:	004031ac 	.word	0x004031ac
  400824:	00400911 	.word	0x00400911
  400828:	00400919 	.word	0x00400919
  40082c:	00400f05 	.word	0x00400f05
  400830:	00400729 	.word	0x00400729
  400834:	00400691 	.word	0x00400691
  400838:	004006f5 	.word	0x004006f5
  40083c:	00400675 	.word	0x00400675
  400840:	0040064d 	.word	0x0040064d
  400844:	00400661 	.word	0x00400661

00400848 <usart_async_enable>:
{
  400848:	b510      	push	{r4, lr}
	ASSERT(descr);
  40084a:	4604      	mov	r4, r0
  40084c:	2261      	movs	r2, #97	; 0x61
  40084e:	4906      	ldr	r1, [pc, #24]	; (400868 <usart_async_enable+0x20>)
  400850:	3000      	adds	r0, #0
  400852:	bf18      	it	ne
  400854:	2001      	movne	r0, #1
  400856:	4b05      	ldr	r3, [pc, #20]	; (40086c <usart_async_enable+0x24>)
  400858:	4798      	blx	r3
	_usart_async_enable(&descr->device);
  40085a:	f104 0008 	add.w	r0, r4, #8
  40085e:	4b04      	ldr	r3, [pc, #16]	; (400870 <usart_async_enable+0x28>)
  400860:	4798      	blx	r3
}
  400862:	2000      	movs	r0, #0
  400864:	bd10      	pop	{r4, pc}
  400866:	bf00      	nop
  400868:	004031ac 	.word	0x004031ac
  40086c:	00400911 	.word	0x00400911
  400870:	00400fb9 	.word	0x00400fb9

00400874 <usart_async_get_io_descriptor>:
{
  400874:	b538      	push	{r3, r4, r5, lr}
	ASSERT(descr && io);
  400876:	4605      	mov	r5, r0
  400878:	460c      	mov	r4, r1
  40087a:	2800      	cmp	r0, #0
  40087c:	bf18      	it	ne
  40087e:	2900      	cmpne	r1, #0
  400880:	bf14      	ite	ne
  400882:	2001      	movne	r0, #1
  400884:	2000      	moveq	r0, #0
  400886:	2277      	movs	r2, #119	; 0x77
  400888:	4902      	ldr	r1, [pc, #8]	; (400894 <usart_async_get_io_descriptor+0x20>)
  40088a:	4b03      	ldr	r3, [pc, #12]	; (400898 <usart_async_get_io_descriptor+0x24>)
  40088c:	4798      	blx	r3
	*io = &descr->io;
  40088e:	6025      	str	r5, [r4, #0]
}
  400890:	2000      	movs	r0, #0
  400892:	bd38      	pop	{r3, r4, r5, pc}
  400894:	004031ac 	.word	0x004031ac
  400898:	00400911 	.word	0x00400911

0040089c <usart_async_register_callback>:
{
  40089c:	b570      	push	{r4, r5, r6, lr}
  40089e:	460c      	mov	r4, r1
  4008a0:	4616      	mov	r6, r2
	ASSERT(descr);
  4008a2:	4605      	mov	r5, r0
  4008a4:	2283      	movs	r2, #131	; 0x83
  4008a6:	4917      	ldr	r1, [pc, #92]	; (400904 <usart_async_register_callback+0x68>)
  4008a8:	3000      	adds	r0, #0
  4008aa:	bf18      	it	ne
  4008ac:	2001      	movne	r0, #1
  4008ae:	4b16      	ldr	r3, [pc, #88]	; (400908 <usart_async_register_callback+0x6c>)
  4008b0:	4798      	blx	r3
	switch (type) {
  4008b2:	2c01      	cmp	r4, #1
  4008b4:	d010      	beq.n	4008d8 <usart_async_register_callback+0x3c>
  4008b6:	b124      	cbz	r4, 4008c2 <usart_async_register_callback+0x26>
  4008b8:	2c02      	cmp	r4, #2
  4008ba:	d018      	beq.n	4008ee <usart_async_register_callback+0x52>
		return ERR_INVALID_ARG;
  4008bc:	f06f 000c 	mvn.w	r0, #12
}
  4008c0:	bd70      	pop	{r4, r5, r6, pc}
		descr->usart_cb.rx_done = cb;
  4008c2:	62ae      	str	r6, [r5, #40]	; 0x28
		_usart_async_set_irq_state(&descr->device, USART_ASYNC_RX_DONE, NULL != cb);
  4008c4:	1c32      	adds	r2, r6, #0
  4008c6:	bf18      	it	ne
  4008c8:	2201      	movne	r2, #1
  4008ca:	2101      	movs	r1, #1
  4008cc:	f105 0008 	add.w	r0, r5, #8
  4008d0:	4b0e      	ldr	r3, [pc, #56]	; (40090c <usart_async_register_callback+0x70>)
  4008d2:	4798      	blx	r3
	return ERR_NONE;
  4008d4:	2000      	movs	r0, #0
		break;
  4008d6:	bd70      	pop	{r4, r5, r6, pc}
		descr->usart_cb.tx_done = cb;
  4008d8:	626e      	str	r6, [r5, #36]	; 0x24
		_usart_async_set_irq_state(&descr->device, USART_ASYNC_TX_DONE, NULL != cb);
  4008da:	1c32      	adds	r2, r6, #0
  4008dc:	bf18      	it	ne
  4008de:	2201      	movne	r2, #1
  4008e0:	2102      	movs	r1, #2
  4008e2:	f105 0008 	add.w	r0, r5, #8
  4008e6:	4b09      	ldr	r3, [pc, #36]	; (40090c <usart_async_register_callback+0x70>)
  4008e8:	4798      	blx	r3
	return ERR_NONE;
  4008ea:	2000      	movs	r0, #0
		break;
  4008ec:	bd70      	pop	{r4, r5, r6, pc}
		descr->usart_cb.error = cb;
  4008ee:	62ee      	str	r6, [r5, #44]	; 0x2c
		_usart_async_set_irq_state(&descr->device, USART_ASYNC_ERROR, NULL != cb);
  4008f0:	1c32      	adds	r2, r6, #0
  4008f2:	bf18      	it	ne
  4008f4:	2201      	movne	r2, #1
  4008f6:	2103      	movs	r1, #3
  4008f8:	f105 0008 	add.w	r0, r5, #8
  4008fc:	4b03      	ldr	r3, [pc, #12]	; (40090c <usart_async_register_callback+0x70>)
  4008fe:	4798      	blx	r3
	return ERR_NONE;
  400900:	2000      	movs	r0, #0
		break;
  400902:	bd70      	pop	{r4, r5, r6, pc}
  400904:	004031ac 	.word	0x004031ac
  400908:	00400911 	.word	0x00400911
  40090c:	0040105d 	.word	0x0040105d

00400910 <assert>:
/**
 * \brief Assert function
 */
void assert(const bool condition, const char *const file, const int line)
{
	if (!(condition)) {
  400910:	b900      	cbnz	r0, 400914 <assert+0x4>
		__asm("BKPT #0");
  400912:	be00      	bkpt	0x0000
  400914:	4770      	bx	lr
	...

00400918 <ringbuffer_init>:

/**
 * \brief Ringbuffer init
 */
int32_t ringbuffer_init(struct ringbuffer *const rb, void *buf, uint32_t size)
{
  400918:	b570      	push	{r4, r5, r6, lr}
	ASSERT(rb && buf && size);
  40091a:	460e      	mov	r6, r1
  40091c:	4615      	mov	r5, r2
  40091e:	2900      	cmp	r1, #0
  400920:	bf18      	it	ne
  400922:	2a00      	cmpne	r2, #0
  400924:	bf14      	ite	ne
  400926:	2301      	movne	r3, #1
  400928:	2300      	moveq	r3, #0
  40092a:	4604      	mov	r4, r0
  40092c:	2228      	movs	r2, #40	; 0x28
  40092e:	490a      	ldr	r1, [pc, #40]	; (400958 <ringbuffer_init+0x40>)
  400930:	2800      	cmp	r0, #0
  400932:	bf0c      	ite	eq
  400934:	2000      	moveq	r0, #0
  400936:	f003 0001 	andne.w	r0, r3, #1
  40093a:	4b08      	ldr	r3, [pc, #32]	; (40095c <ringbuffer_init+0x44>)
  40093c:	4798      	blx	r3

	/*
	 * buf size must be aligned to power of 2
	 */
	if ((size & (size - 1)) != 0) {
  40093e:	1e6b      	subs	r3, r5, #1
  400940:	421d      	tst	r5, r3
  400942:	d105      	bne.n	400950 <ringbuffer_init+0x38>
		return ERR_INVALID_ARG;
	}

	/* size - 1 is faster in calculation */
	rb->size        = size - 1;
  400944:	6063      	str	r3, [r4, #4]
	rb->read_index  = 0;
  400946:	2000      	movs	r0, #0
  400948:	60a0      	str	r0, [r4, #8]
	rb->write_index = rb->read_index;
  40094a:	60e0      	str	r0, [r4, #12]
	rb->buf         = (uint8_t *)buf;
  40094c:	6026      	str	r6, [r4, #0]

	return ERR_NONE;
  40094e:	bd70      	pop	{r4, r5, r6, pc}
		return ERR_INVALID_ARG;
  400950:	f06f 000c 	mvn.w	r0, #12
}
  400954:	bd70      	pop	{r4, r5, r6, pc}
  400956:	bf00      	nop
  400958:	004031cc 	.word	0x004031cc
  40095c:	00400911 	.word	0x00400911

00400960 <ringbuffer_get>:
/**
 * \brief Get one byte from ringbuffer
 *
 */
int32_t ringbuffer_get(struct ringbuffer *const rb, uint8_t *data)
{
  400960:	b538      	push	{r3, r4, r5, lr}
	ASSERT(rb && data);
  400962:	4604      	mov	r4, r0
  400964:	460d      	mov	r5, r1
  400966:	2800      	cmp	r0, #0
  400968:	bf18      	it	ne
  40096a:	2900      	cmpne	r1, #0
  40096c:	bf14      	ite	ne
  40096e:	2001      	movne	r0, #1
  400970:	2000      	moveq	r0, #0
  400972:	2240      	movs	r2, #64	; 0x40
  400974:	4909      	ldr	r1, [pc, #36]	; (40099c <ringbuffer_get+0x3c>)
  400976:	4b0a      	ldr	r3, [pc, #40]	; (4009a0 <ringbuffer_get+0x40>)
  400978:	4798      	blx	r3

	if (rb->write_index != rb->read_index) {
  40097a:	68a3      	ldr	r3, [r4, #8]
  40097c:	68e2      	ldr	r2, [r4, #12]
  40097e:	429a      	cmp	r2, r3
  400980:	d009      	beq.n	400996 <ringbuffer_get+0x36>
		*data = rb->buf[rb->read_index & rb->size];
  400982:	6862      	ldr	r2, [r4, #4]
  400984:	4013      	ands	r3, r2
  400986:	6822      	ldr	r2, [r4, #0]
  400988:	5cd3      	ldrb	r3, [r2, r3]
  40098a:	702b      	strb	r3, [r5, #0]
		rb->read_index++;
  40098c:	68a3      	ldr	r3, [r4, #8]
  40098e:	3301      	adds	r3, #1
  400990:	60a3      	str	r3, [r4, #8]
		return ERR_NONE;
  400992:	2000      	movs	r0, #0
  400994:	bd38      	pop	{r3, r4, r5, pc}
	}

	return ERR_NOT_FOUND;
  400996:	f06f 0009 	mvn.w	r0, #9
}
  40099a:	bd38      	pop	{r3, r4, r5, pc}
  40099c:	004031cc 	.word	0x004031cc
  4009a0:	00400911 	.word	0x00400911

004009a4 <ringbuffer_put>:
/**
 * \brief Put one byte to ringbuffer
 *
 */
int32_t ringbuffer_put(struct ringbuffer *const rb, uint8_t data)
{
  4009a4:	b538      	push	{r3, r4, r5, lr}
  4009a6:	460d      	mov	r5, r1
	ASSERT(rb);
  4009a8:	4604      	mov	r4, r0
  4009aa:	2251      	movs	r2, #81	; 0x51
  4009ac:	490b      	ldr	r1, [pc, #44]	; (4009dc <ringbuffer_put+0x38>)
  4009ae:	3000      	adds	r0, #0
  4009b0:	bf18      	it	ne
  4009b2:	2001      	movne	r0, #1
  4009b4:	4b0a      	ldr	r3, [pc, #40]	; (4009e0 <ringbuffer_put+0x3c>)
  4009b6:	4798      	blx	r3

	rb->buf[rb->write_index & rb->size] = data;
  4009b8:	68e3      	ldr	r3, [r4, #12]
  4009ba:	6862      	ldr	r2, [r4, #4]
  4009bc:	4013      	ands	r3, r2
  4009be:	6822      	ldr	r2, [r4, #0]
  4009c0:	54d5      	strb	r5, [r2, r3]

	/*
	 * buffer full strategy: new data will overwrite the oldest data in
	 * the buffer
	 */
	if ((rb->write_index - rb->read_index) > rb->size) {
  4009c2:	68e3      	ldr	r3, [r4, #12]
  4009c4:	6861      	ldr	r1, [r4, #4]
  4009c6:	68a2      	ldr	r2, [r4, #8]
  4009c8:	1a9a      	subs	r2, r3, r2
  4009ca:	428a      	cmp	r2, r1
  4009cc:	d901      	bls.n	4009d2 <ringbuffer_put+0x2e>
		rb->read_index = rb->write_index - rb->size;
  4009ce:	1a59      	subs	r1, r3, r1
  4009d0:	60a1      	str	r1, [r4, #8]
	}

	rb->write_index++;
  4009d2:	3301      	adds	r3, #1
  4009d4:	60e3      	str	r3, [r4, #12]

	return ERR_NONE;
}
  4009d6:	2000      	movs	r0, #0
  4009d8:	bd38      	pop	{r3, r4, r5, pc}
  4009da:	bf00      	nop
  4009dc:	004031cc 	.word	0x004031cc
  4009e0:	00400911 	.word	0x00400911

004009e4 <ringbuffer_num>:

/**
 * \brief Return the element number of ringbuffer
 */
uint32_t ringbuffer_num(const struct ringbuffer *const rb)
{
  4009e4:	b510      	push	{r4, lr}
	ASSERT(rb);
  4009e6:	4604      	mov	r4, r0
  4009e8:	2267      	movs	r2, #103	; 0x67
  4009ea:	4905      	ldr	r1, [pc, #20]	; (400a00 <ringbuffer_num+0x1c>)
  4009ec:	3000      	adds	r0, #0
  4009ee:	bf18      	it	ne
  4009f0:	2001      	movne	r0, #1
  4009f2:	4b04      	ldr	r3, [pc, #16]	; (400a04 <ringbuffer_num+0x20>)
  4009f4:	4798      	blx	r3

	return rb->write_index - rb->read_index;
  4009f6:	68e0      	ldr	r0, [r4, #12]
  4009f8:	68a3      	ldr	r3, [r4, #8]
}
  4009fa:	1ac0      	subs	r0, r0, r3
  4009fc:	bd10      	pop	{r4, pc}
  4009fe:	bf00      	nop
  400a00:	004031cc 	.word	0x004031cc
  400a04:	00400911 	.word	0x00400911

00400a08 <_sbrk>:

/**
 * \brief Replacement of C library of _sbrk
 */
extern caddr_t _sbrk(int incr)
{
  400a08:	4603      	mov	r3, r0
	static unsigned char *heap = NULL;
	unsigned char *       prev_heap;

	if (heap == NULL) {
  400a0a:	4a06      	ldr	r2, [pc, #24]	; (400a24 <_sbrk+0x1c>)
  400a0c:	6812      	ldr	r2, [r2, #0]
  400a0e:	b122      	cbz	r2, 400a1a <_sbrk+0x12>
		heap = (unsigned char *)&_end;
	}
	prev_heap = heap;
  400a10:	4a04      	ldr	r2, [pc, #16]	; (400a24 <_sbrk+0x1c>)
  400a12:	6810      	ldr	r0, [r2, #0]

	heap += incr;
  400a14:	4403      	add	r3, r0
  400a16:	6013      	str	r3, [r2, #0]

	return (caddr_t)prev_heap;
}
  400a18:	4770      	bx	lr
		heap = (unsigned char *)&_end;
  400a1a:	4903      	ldr	r1, [pc, #12]	; (400a28 <_sbrk+0x20>)
  400a1c:	4a01      	ldr	r2, [pc, #4]	; (400a24 <_sbrk+0x1c>)
  400a1e:	6011      	str	r1, [r2, #0]
  400a20:	e7f6      	b.n	400a10 <_sbrk+0x8>
  400a22:	bf00      	nop
  400a24:	20400684 	.word	0x20400684
  400a28:	20403348 	.word	0x20403348

00400a2c <_init_chip>:

/**
 * \brief Initialize the hardware abstraction layer
 */
void _init_chip(void)
{
  400a2c:	b500      	push	{lr}
  400a2e:	b083      	sub	sp, #12
/**
 * \brief Enable FPU
 */
static inline void _fpu_enable(void)
{
	CRITICAL_SECTION_ENTER()
  400a30:	a801      	add	r0, sp, #4
  400a32:	4b0e      	ldr	r3, [pc, #56]	; (400a6c <_init_chip+0x40>)
  400a34:	4798      	blx	r3
	/** Set bits 20-23 to enable CP10 and CP11 coprocessors */
	SCB->CPACR |= (0xFu << 20);
  400a36:	4a0e      	ldr	r2, [pc, #56]	; (400a70 <_init_chip+0x44>)
  400a38:	f8d2 3088 	ldr.w	r3, [r2, #136]	; 0x88
  400a3c:	f443 0370 	orr.w	r3, r3, #15728640	; 0xf00000
  400a40:	f8c2 3088 	str.w	r3, [r2, #136]	; 0x88
  __ASM volatile ("dsb 0xF":::"memory");
  400a44:	f3bf 8f4f 	dsb	sy
  __ASM volatile ("isb 0xF":::"memory");
  400a48:	f3bf 8f6f 	isb	sy
	__DSB();
	__ISB();
	CRITICAL_SECTION_LEAVE()
  400a4c:	a801      	add	r0, sp, #4
  400a4e:	4b09      	ldr	r3, [pc, #36]	; (400a74 <_init_chip+0x48>)
  400a50:	4798      	blx	r3

static inline void hri_efc_write_EEFC_FMR_FWS_bf(const void *const hw, hri_efc_eefc_fmr_reg_t data)
{
	uint32_t tmp;
	EFC_CRITICAL_SECTION_ENTER();
	tmp = ((Efc *)hw)->EEFC_FMR;
  400a52:	4a09      	ldr	r2, [pc, #36]	; (400a78 <_init_chip+0x4c>)
  400a54:	6813      	ldr	r3, [r2, #0]
	tmp &= ~EEFC_FMR_FWS_Msk;
  400a56:	f423 6370 	bic.w	r3, r3, #3840	; 0xf00
	tmp |= EEFC_FMR_FWS(data);
  400a5a:	f443 63c0 	orr.w	r3, r3, #1536	; 0x600
	((Efc *)hw)->EEFC_FMR = tmp;
  400a5e:	6013      	str	r3, [r2, #0]
#if CONF_DMA_ENABLE
	_pmc_enable_periph_clock(ID_XDMAC);
	_dma_init();

#endif
	_pmc_init();
  400a60:	4b06      	ldr	r3, [pc, #24]	; (400a7c <_init_chip+0x50>)
  400a62:	4798      	blx	r3
}
  400a64:	b003      	add	sp, #12
  400a66:	f85d fb04 	ldr.w	pc, [sp], #4
  400a6a:	bf00      	nop
  400a6c:	00400405 	.word	0x00400405
  400a70:	e000ed00 	.word	0xe000ed00
  400a74:	00400413 	.word	0x00400413
  400a78:	400e0c00 	.word	0x400e0c00
  400a7c:	00400d81 	.word	0x00400d81

00400a80 <_flash_init>:

/**
 * \brief Initialize NVM
 */
int32_t _flash_init(struct _flash_device *const device, void *const hw)
{
  400a80:	b538      	push	{r3, r4, r5, lr}
	ASSERT(device && hw);
  400a82:	4604      	mov	r4, r0
  400a84:	460d      	mov	r5, r1
  400a86:	2800      	cmp	r0, #0
  400a88:	bf18      	it	ne
  400a8a:	2900      	cmpne	r1, #0
  400a8c:	bf14      	ite	ne
  400a8e:	2001      	movne	r0, #1
  400a90:	2000      	moveq	r0, #0
  400a92:	226d      	movs	r2, #109	; 0x6d
  400a94:	4909      	ldr	r1, [pc, #36]	; (400abc <_flash_init+0x3c>)
  400a96:	4b0a      	ldr	r3, [pc, #40]	; (400ac0 <_flash_init+0x40>)
  400a98:	4798      	blx	r3

	device->hw = hw;
  400a9a:	6125      	str	r5, [r4, #16]

	_efc_dev = device;
  400a9c:	4b09      	ldr	r3, [pc, #36]	; (400ac4 <_flash_init+0x44>)
  400a9e:	601c      	str	r4, [r3, #0]
 */
__STATIC_INLINE void __NVIC_DisableIRQ(IRQn_Type IRQn)
{
  if ((int32_t)(IRQn) >= 0)
  {
    NVIC->ICER[(((uint32_t)IRQn) >> 5UL)] = (uint32_t)(1UL << (((uint32_t)IRQn) & 0x1FUL));
  400aa0:	4b09      	ldr	r3, [pc, #36]	; (400ac8 <_flash_init+0x48>)
  400aa2:	2240      	movs	r2, #64	; 0x40
  400aa4:	f8c3 2080 	str.w	r2, [r3, #128]	; 0x80
  __ASM volatile ("dsb 0xF":::"memory");
  400aa8:	f3bf 8f4f 	dsb	sy
  __ASM volatile ("isb 0xF":::"memory");
  400aac:	f3bf 8f6f 	isb	sy
 */
__STATIC_INLINE void __NVIC_ClearPendingIRQ(IRQn_Type IRQn)
{
  if ((int32_t)(IRQn) >= 0)
  {
    NVIC->ICPR[(((uint32_t)IRQn) >> 5UL)] = (uint32_t)(1UL << (((uint32_t)IRQn) & 0x1FUL));
  400ab0:	f8c3 2180 	str.w	r2, [r3, #384]	; 0x180
    NVIC->ISER[(((uint32_t)IRQn) >> 5UL)] = (uint32_t)(1UL << (((uint32_t)IRQn) & 0x1FUL));
  400ab4:	601a      	str	r2, [r3, #0]
	NVIC_DisableIRQ(EFC_IRQn);
	NVIC_ClearPendingIRQ(EFC_IRQn);
	NVIC_EnableIRQ(EFC_IRQn);

	return ERR_NONE;
}
  400ab6:	2000      	movs	r0, #0
  400ab8:	bd38      	pop	{r3, r4, r5, pc}
  400aba:	bf00      	nop
  400abc:	004031f0 	.word	0x004031f0
  400ac0:	00400911 	.word	0x00400911
  400ac4:	20400688 	.word	0x20400688
  400ac8:	e000e100 	.word	0xe000e100

00400acc <_flash_get_page_size>:
 */
uint32_t _flash_get_page_size(struct _flash_device *const device)
{
	(void)device;
	return (uint32_t)IFLASH_PAGE_SIZE;
}
  400acc:	f44f 7000 	mov.w	r0, #512	; 0x200
  400ad0:	4770      	bx	lr

00400ad2 <_flash_get_total_pages>:
 */
uint32_t _flash_get_total_pages(struct _flash_device *const device)
{
	(void)device;
	return (uint32_t)IFLASH_NB_OF_PAGES;
}
  400ad2:	f44f 5080 	mov.w	r0, #4096	; 0x1000
  400ad6:	4770      	bx	lr

00400ad8 <_flash_read>:

/**
 * \brief Reads a number of bytes to a page in the internal Flash.
 */
void _flash_read(struct _flash_device *const device, const uint32_t src_addr, uint8_t *buffer, uint32_t length)
{
  400ad8:	b570      	push	{r4, r5, r6, lr}
  400ada:	460c      	mov	r4, r1
  400adc:	4616      	mov	r6, r2
  400ade:	461d      	mov	r5, r3
	ASSERT(((src_addr + length) < IFLASH_SIZE));
  400ae0:	18c8      	adds	r0, r1, r3
  400ae2:	22ab      	movs	r2, #171	; 0xab
  400ae4:	4907      	ldr	r1, [pc, #28]	; (400b04 <_flash_read+0x2c>)
  400ae6:	f5b0 1f00 	cmp.w	r0, #2097152	; 0x200000
  400aea:	bf2c      	ite	cs
  400aec:	2000      	movcs	r0, #0
  400aee:	2001      	movcc	r0, #1
  400af0:	4b05      	ldr	r3, [pc, #20]	; (400b08 <_flash_read+0x30>)
  400af2:	4798      	blx	r3

	(void)device;
	memcpy(buffer, (void *)(src_addr + IFLASH_ADDR), length);
  400af4:	462a      	mov	r2, r5
  400af6:	f504 0180 	add.w	r1, r4, #4194304	; 0x400000
  400afa:	4630      	mov	r0, r6
  400afc:	4b03      	ldr	r3, [pc, #12]	; (400b0c <_flash_read+0x34>)
  400afe:	4798      	blx	r3
  400b00:	bd70      	pop	{r4, r5, r6, pc}
  400b02:	bf00      	nop
  400b04:	004031f0 	.word	0x004031f0
  400b08:	00400911 	.word	0x00400911
  400b0c:	00401585 	.word	0x00401585

00400b10 <_flash_write>:
/**
 * \brief Writes a number of bytes to a page in the internal Flash.
 */
#if CONF_FLASH_REWR_UNALIGN_OP && CONF_FLASH_REWRITE_ENABLE
void _flash_write(struct _flash_device *const device, const uint32_t dst_addr, uint8_t *buffer, uint32_t length)
{
  400b10:	e92d 4ff0 	stmdb	sp!, {r4, r5, r6, r7, r8, r9, sl, fp, lr}
  400b14:	b083      	sub	sp, #12
  400b16:	9200      	str	r2, [sp, #0]
#if _STACK_BUF
	uint32_t _efc_buf32[_BUF_SIZE / 4];
#endif
	uint32_t wr_addr = dst_addr;
	uint32_t dst_end = dst_addr + length;
  400b18:	eb01 0b03 	add.w	fp, r1, r3
	uint32_t wr_blk  = _efc_in_8k_sect(dst_end) ? CONF_FLASH_PAGE_SIZE : 8192;
  400b1c:	f5bb 4f80 	cmp.w	fp, #16384	; 0x4000
  400b20:	bf34      	ite	cc
  400b22:	f44f 7a00 	movcc.w	sl, #512	; 0x200
  400b26:	f44f 5a00 	movcs.w	sl, #8192	; 0x2000
	if (length == 0) {
  400b2a:	2b00      	cmp	r3, #0
  400b2c:	d06a      	beq.n	400c04 <_flash_write+0xf4>
  400b2e:	4607      	mov	r7, r0
		return;
	}
	while (wr_addr < dst_end) {
  400b30:	4559      	cmp	r1, fp
  400b32:	d267      	bcs.n	400c04 <_flash_write+0xf4>
  400b34:	4688      	mov	r8, r1
				_efc_erase_pages(device->hw, _efc_page(wr_start) | 0x02);
			}
			/* Update buffer pointer */
			buffer += cpy_size;
		} else {
			memcpy(_efc_buf8, buffer, wr_blk);
  400b36:	4b35      	ldr	r3, [pc, #212]	; (400c0c <_flash_write+0xfc>)
  400b38:	3304      	adds	r3, #4
  400b3a:	9301      	str	r3, [sp, #4]
  400b3c:	e039      	b.n	400bb2 <_flash_write+0xa2>
				cpy_size = dst_end - wr_addr;
  400b3e:	ebab 0503 	sub.w	r5, fp, r3
  400b42:	b2ad      	uxth	r5, r5
		if (cpy_size) {
  400b44:	2d00      	cmp	r5, #0
  400b46:	d045      	beq.n	400bd4 <_flash_write+0xc4>
			_flash_read(device, wr_start, _efc_buf8, wr_blk);
  400b48:	4653      	mov	r3, sl
  400b4a:	9a01      	ldr	r2, [sp, #4]
  400b4c:	4621      	mov	r1, r4
  400b4e:	4638      	mov	r0, r7
  400b50:	f8df 90c8 	ldr.w	r9, [pc, #200]	; 400c1c <_flash_write+0x10c>
  400b54:	47c8      	blx	r9
			memcpy(&_efc_buf8[wr_addr - wr_start], buffer, cpy_size);
  400b56:	46a9      	mov	r9, r5
  400b58:	eba8 0004 	sub.w	r0, r8, r4
  400b5c:	462a      	mov	r2, r5
  400b5e:	9900      	ldr	r1, [sp, #0]
  400b60:	9b01      	ldr	r3, [sp, #4]
  400b62:	4418      	add	r0, r3
  400b64:	4b2a      	ldr	r3, [pc, #168]	; (400c10 <_flash_write+0x100>)
  400b66:	4798      	blx	r3
			if (wr_blk != CONF_FLASH_PAGE_SIZE) {
  400b68:	f5ba 7f00 	cmp.w	sl, #512	; 0x200
  400b6c:	d005      	beq.n	400b7a <_flash_write+0x6a>
				_efc_erase_pages(device->hw, _efc_page(wr_start) | 0x02);
  400b6e:	0a61      	lsrs	r1, r4, #9
  400b70:	f041 0102 	orr.w	r1, r1, #2
  400b74:	6938      	ldr	r0, [r7, #16]
  400b76:	4b27      	ldr	r3, [pc, #156]	; (400c14 <_flash_write+0x104>)
  400b78:	4798      	blx	r3
			buffer += cpy_size;
  400b7a:	9b00      	ldr	r3, [sp, #0]
  400b7c:	444b      	add	r3, r9
  400b7e:	9300      	str	r3, [sp, #0]
			/* Update buffer pointer */
			buffer += wr_blk;
		}
		/* Program data */
		if (wr_blk == CONF_FLASH_PAGE_SIZE) { /* EWP */
  400b80:	f5ba 7f00 	cmp.w	sl, #512	; 0x200
  400b84:	d030      	beq.n	400be8 <_flash_write+0xd8>
			_efc_write_page(device->hw, true, _efc_page(wr_addr), _efc_buf8);
		} else {
			for (wr_addr = wr_start; wr_addr < wr_end; wr_addr += CONF_FLASH_PAGE_SIZE) {
  400b86:	42b4      	cmp	r4, r6
  400b88:	d210      	bcs.n	400bac <_flash_write+0x9c>
  400b8a:	4b20      	ldr	r3, [pc, #128]	; (400c0c <_flash_write+0xfc>)
  400b8c:	1d1d      	adds	r5, r3, #4
				_efc_write_page(device->hw, false, _efc_page(wr_addr), &_efc_buf8[wr_addr - wr_start]);
  400b8e:	f04f 0900 	mov.w	r9, #0
  400b92:	f8df 8084 	ldr.w	r8, [pc, #132]	; 400c18 <_flash_write+0x108>
  400b96:	462b      	mov	r3, r5
  400b98:	0a62      	lsrs	r2, r4, #9
  400b9a:	4649      	mov	r1, r9
  400b9c:	6938      	ldr	r0, [r7, #16]
  400b9e:	47c0      	blx	r8
			for (wr_addr = wr_start; wr_addr < wr_end; wr_addr += CONF_FLASH_PAGE_SIZE) {
  400ba0:	f504 7400 	add.w	r4, r4, #512	; 0x200
  400ba4:	f505 7500 	add.w	r5, r5, #512	; 0x200
  400ba8:	42a6      	cmp	r6, r4
  400baa:	d8f4      	bhi.n	400b96 <_flash_write+0x86>
  400bac:	46b0      	mov	r8, r6
	while (wr_addr < dst_end) {
  400bae:	45b3      	cmp	fp, r6
  400bb0:	d928      	bls.n	400c04 <_flash_write+0xf4>
		uint32_t wr_start = wr_addr & ~(wr_blk - 1);
  400bb2:	f1ca 0400 	rsb	r4, sl, #0
  400bb6:	ea04 0408 	and.w	r4, r4, r8
		uint32_t wr_end   = wr_start + wr_blk;
  400bba:	eb0a 0604 	add.w	r6, sl, r4
		if (wr_addr > wr_start) { /* Start address not aligned */
  400bbe:	4544      	cmp	r4, r8
  400bc0:	d21a      	bcs.n	400bf8 <_flash_write+0xe8>
			cpy_size = wr_end - wr_addr;
  400bc2:	fa1f f388 	uxth.w	r3, r8
  400bc6:	1af5      	subs	r5, r6, r3
  400bc8:	b2ad      	uxth	r5, r5
		if (wr_end > dst_end) { /* End address not aligned */
  400bca:	45b3      	cmp	fp, r6
  400bcc:	d2ba      	bcs.n	400b44 <_flash_write+0x34>
			if (cpy_size) {
  400bce:	2d00      	cmp	r5, #0
  400bd0:	d1b5      	bne.n	400b3e <_flash_write+0x2e>
  400bd2:	e013      	b.n	400bfc <_flash_write+0xec>
			memcpy(_efc_buf8, buffer, wr_blk);
  400bd4:	4652      	mov	r2, sl
  400bd6:	9d00      	ldr	r5, [sp, #0]
  400bd8:	4629      	mov	r1, r5
  400bda:	9801      	ldr	r0, [sp, #4]
  400bdc:	4b0c      	ldr	r3, [pc, #48]	; (400c10 <_flash_write+0x100>)
  400bde:	4798      	blx	r3
			buffer += wr_blk;
  400be0:	462b      	mov	r3, r5
  400be2:	4453      	add	r3, sl
  400be4:	9300      	str	r3, [sp, #0]
  400be6:	e7cb      	b.n	400b80 <_flash_write+0x70>
			_efc_write_page(device->hw, true, _efc_page(wr_addr), _efc_buf8);
  400be8:	9b01      	ldr	r3, [sp, #4]
  400bea:	ea4f 2258 	mov.w	r2, r8, lsr #9
  400bee:	2101      	movs	r1, #1
  400bf0:	6938      	ldr	r0, [r7, #16]
  400bf2:	4c09      	ldr	r4, [pc, #36]	; (400c18 <_flash_write+0x108>)
  400bf4:	47a0      	blx	r4
  400bf6:	e7d9      	b.n	400bac <_flash_write+0x9c>
		if (wr_end > dst_end) { /* End address not aligned */
  400bf8:	45b3      	cmp	fp, r6
  400bfa:	d2eb      	bcs.n	400bd4 <_flash_write+0xc4>
				cpy_size = dst_end - wr_start;
  400bfc:	ebab 0504 	sub.w	r5, fp, r4
  400c00:	b2ad      	uxth	r5, r5
  400c02:	e79f      	b.n	400b44 <_flash_write+0x34>
			}
		}
		wr_addr = wr_end;
	}
}
  400c04:	b003      	add	sp, #12
  400c06:	e8bd 8ff0 	ldmia.w	sp!, {r4, r5, r6, r7, r8, r9, sl, fp, pc}
  400c0a:	bf00      	nop
  400c0c:	20400688 	.word	0x20400688
  400c10:	00401585 	.word	0x00401585
  400c14:	20400001 	.word	0x20400001
  400c18:	20400021 	.word	0x20400021
  400c1c:	00400ad9 	.word	0x00400ad9

00400c20 <_flash_erase>:
	uint32_t _efc_buf32[_BUF_SIZE / 4];
#endif
	uint32_t page     = _efc_page(dst_addr);
	uint32_t page_end = page + page_nums;
	uint32_t dst_end  = page_end * CONF_FLASH_PAGE_SIZE;
	if (page_nums == 0) {
  400c20:	2a00      	cmp	r2, #0
  400c22:	d07e      	beq.n	400d22 <_flash_erase+0x102>
{
  400c24:	e92d 4ff0 	stmdb	sp!, {r4, r5, r6, r7, r8, r9, sl, fp, lr}
  400c28:	b083      	sub	sp, #12
  400c2a:	4683      	mov	fp, r0
  400c2c:	460c      	mov	r4, r1
	uint32_t page_end = page + page_nums;
  400c2e:	eb02 2351 	add.w	r3, r2, r1, lsr #9
	uint32_t dst_end  = page_end * CONF_FLASH_PAGE_SIZE;
  400c32:	ea4f 2843 	mov.w	r8, r3, lsl #9
		return;
	}
	/* Erase block by block */
	while (dst_addr < dst_end) {
  400c36:	4541      	cmp	r1, r8
  400c38:	d270      	bcs.n	400d1c <_flash_erase+0xfc>
				set_size = dst_end - erase_start;
			}
		}
		if (set_size) {
			/* Save previous data (whole block) */
			_flash_read(device, erase_start, _efc_buf8, erase_blk);
  400c3a:	4b3a      	ldr	r3, [pc, #232]	; (400d24 <_flash_erase+0x104>)
  400c3c:	3304      	adds	r3, #4
  400c3e:	9301      	str	r3, [sp, #4]
			_efc_erase_pages(hw, page | 0x02);
  400c40:	f8df 90f0 	ldr.w	r9, [pc, #240]	; 400d34 <_flash_erase+0x114>
  400c44:	e02c      	b.n	400ca0 <_flash_erase+0x80>
				set_size = dst_end - erase_start;
  400c46:	eba8 0a05 	sub.w	sl, r8, r5
  400c4a:	fa1f fa8a 	uxth.w	sl, sl
  400c4e:	e041      	b.n	400cd4 <_flash_erase+0xb4>
			_flash_read(device, erase_start, _efc_buf8, erase_blk);
  400c50:	9a01      	ldr	r2, [sp, #4]
  400c52:	4629      	mov	r1, r5
  400c54:	4658      	mov	r0, fp
  400c56:	4e34      	ldr	r6, [pc, #208]	; (400d28 <_flash_erase+0x108>)
  400c58:	47b0      	blx	r6
			/* Set erased data to 0xFF */
			memset(&_efc_buf8[dst_addr - erase_start], 0xFF, set_size);
  400c5a:	1b60      	subs	r0, r4, r5
  400c5c:	4652      	mov	r2, sl
  400c5e:	21ff      	movs	r1, #255	; 0xff
  400c60:	9b01      	ldr	r3, [sp, #4]
  400c62:	4418      	add	r0, r3
  400c64:	4b31      	ldr	r3, [pc, #196]	; (400d2c <_flash_erase+0x10c>)
  400c66:	4798      	blx	r3
		}
		_efc_erase_aligned(device->hw, _efc_page(erase_start), _efc_page(erase_end));
  400c68:	0a6c      	lsrs	r4, r5, #9
  400c6a:	0a7e      	lsrs	r6, r7, #9
	while (page < page_end) {
  400c6c:	42b4      	cmp	r4, r6
  400c6e:	d23c      	bcs.n	400cea <_flash_erase+0xca>
		_efc_erase_aligned(device->hw, _efc_page(erase_start), _efc_page(erase_end));
  400c70:	f8db 3010 	ldr.w	r3, [fp, #16]
  400c74:	9300      	str	r3, [sp, #0]
  400c76:	e006      	b.n	400c86 <_flash_erase+0x66>
			_efc_erase_pages(hw, page | 0x02);
  400c78:	f044 0102 	orr.w	r1, r4, #2
  400c7c:	9800      	ldr	r0, [sp, #0]
  400c7e:	47c8      	blx	r9
			page += 16;
  400c80:	3410      	adds	r4, #16
	while (page < page_end) {
  400c82:	42b4      	cmp	r4, r6
  400c84:	d206      	bcs.n	400c94 <_flash_erase+0x74>
		if (page < _efc_page(_IFLASH_EPA_SIZE)) {
  400c86:	2c1f      	cmp	r4, #31
  400c88:	d8f6      	bhi.n	400c78 <_flash_erase+0x58>
			_efc_erase_pages(hw, page);
  400c8a:	4621      	mov	r1, r4
  400c8c:	9800      	ldr	r0, [sp, #0]
  400c8e:	47c8      	blx	r9
			page += 4;
  400c90:	3404      	adds	r4, #4
  400c92:	e7f6      	b.n	400c82 <_flash_erase+0x62>
		if (set_size) {
  400c94:	f1ba 0f00 	cmp.w	sl, #0
  400c98:	d127      	bne.n	400cea <_flash_erase+0xca>
  400c9a:	463c      	mov	r4, r7
	while (dst_addr < dst_end) {
  400c9c:	45b8      	cmp	r8, r7
  400c9e:	d93d      	bls.n	400d1c <_flash_erase+0xfc>
		uint32_t erase_blk   = _efc_in_8k_sect(dst_addr) ? 2048 : 8192;
  400ca0:	f5b4 4f80 	cmp.w	r4, #16384	; 0x4000
  400ca4:	bf34      	ite	cc
  400ca6:	f44f 6300 	movcc.w	r3, #2048	; 0x800
  400caa:	f44f 5300 	movcs.w	r3, #8192	; 0x2000
		uint32_t erase_start = dst_addr & ~(erase_blk - 1);
  400cae:	425d      	negs	r5, r3
  400cb0:	4025      	ands	r5, r4
		uint32_t erase_end   = erase_start + erase_blk;
  400cb2:	195f      	adds	r7, r3, r5
		if (erase_start < dst_addr) { /* Start address not aligned */
  400cb4:	42a5      	cmp	r5, r4
  400cb6:	d22c      	bcs.n	400d12 <_flash_erase+0xf2>
			set_size = erase_end - dst_addr;
  400cb8:	b2a2      	uxth	r2, r4
  400cba:	eba7 0a02 	sub.w	sl, r7, r2
  400cbe:	fa1f fa8a 	uxth.w	sl, sl
		if (erase_end > dst_end) { /* End address not aligned */
  400cc2:	45b8      	cmp	r8, r7
  400cc4:	d206      	bcs.n	400cd4 <_flash_erase+0xb4>
			if (set_size) {        /* Set erase from start to end */
  400cc6:	f1ba 0f00 	cmp.w	sl, #0
  400cca:	d0bc      	beq.n	400c46 <_flash_erase+0x26>
				set_size = dst_end - dst_addr;
  400ccc:	eba8 0a02 	sub.w	sl, r8, r2
  400cd0:	fa1f fa8a 	uxth.w	sl, sl
		if (set_size) {
  400cd4:	f1ba 0f00 	cmp.w	sl, #0
  400cd8:	d1ba      	bne.n	400c50 <_flash_erase+0x30>
		_efc_erase_aligned(device->hw, _efc_page(erase_start), _efc_page(erase_end));
  400cda:	f8db 3010 	ldr.w	r3, [fp, #16]
  400cde:	9300      	str	r3, [sp, #0]
  400ce0:	0a6c      	lsrs	r4, r5, #9
  400ce2:	0a7e      	lsrs	r6, r7, #9
	while (page < page_end) {
  400ce4:	42a6      	cmp	r6, r4
  400ce6:	d8ce      	bhi.n	400c86 <_flash_erase+0x66>
  400ce8:	e7d7      	b.n	400c9a <_flash_erase+0x7a>
			/* Restore previous data */
			for (dst_addr = erase_start; dst_addr < erase_end; dst_addr += CONF_FLASH_PAGE_SIZE) {
  400cea:	42bd      	cmp	r5, r7
  400cec:	d2d5      	bcs.n	400c9a <_flash_erase+0x7a>
  400cee:	4b0d      	ldr	r3, [pc, #52]	; (400d24 <_flash_erase+0x104>)
  400cf0:	1d1c      	adds	r4, r3, #4
				_efc_write_page(device->hw, false, _efc_page(dst_addr), &_efc_buf8[dst_addr - erase_start]);
  400cf2:	f04f 0a00 	mov.w	sl, #0
  400cf6:	4e0e      	ldr	r6, [pc, #56]	; (400d30 <_flash_erase+0x110>)
  400cf8:	4623      	mov	r3, r4
  400cfa:	0a6a      	lsrs	r2, r5, #9
  400cfc:	4651      	mov	r1, sl
  400cfe:	f8db 0010 	ldr.w	r0, [fp, #16]
  400d02:	47b0      	blx	r6
			for (dst_addr = erase_start; dst_addr < erase_end; dst_addr += CONF_FLASH_PAGE_SIZE) {
  400d04:	f505 7500 	add.w	r5, r5, #512	; 0x200
  400d08:	f504 7400 	add.w	r4, r4, #512	; 0x200
  400d0c:	42af      	cmp	r7, r5
  400d0e:	d8f3      	bhi.n	400cf8 <_flash_erase+0xd8>
  400d10:	e7c3      	b.n	400c9a <_flash_erase+0x7a>
		if (erase_end > dst_end) { /* End address not aligned */
  400d12:	45b8      	cmp	r8, r7
  400d14:	d397      	bcc.n	400c46 <_flash_erase+0x26>
		uint16_t set_size    = 0;
  400d16:	f04f 0a00 	mov.w	sl, #0
  400d1a:	e7de      	b.n	400cda <_flash_erase+0xba>
			}
		}
		dst_addr = erase_end;
	}
}
  400d1c:	b003      	add	sp, #12
  400d1e:	e8bd 8ff0 	ldmia.w	sp!, {r4, r5, r6, r7, r8, r9, sl, fp, pc}
  400d22:	4770      	bx	lr
  400d24:	20400688 	.word	0x20400688
  400d28:	00400ad9 	.word	0x00400ad9
  400d2c:	0040159b 	.word	0x0040159b
  400d30:	20400021 	.word	0x20400021
  400d34:	20400001 	.word	0x20400001

00400d38 <_flash_is_locked>:
{
	uint32_t region;

	/* Get region index for the given Address */
	region = dst_addr & ~(IFLASH_PAGE_SIZE * EFC_PAGES_PR_REGION - 1);
	region = region / (IFLASH_PAGE_SIZE * EFC_PAGES_PR_REGION);
  400d38:	0b89      	lsrs	r1, r1, #14

	hri_efc_write_EEFC_FCR_reg(device->hw, EEFC_FCR_FCMD_GLB | EEFC_FCR_FKEY_PASSWD);
  400d3a:	6903      	ldr	r3, [r0, #16]
}

static inline void hri_efc_write_EEFC_FCR_reg(const void *const hw, hri_efc_eefc_fcr_reg_t data)
{
	EFC_CRITICAL_SECTION_ENTER();
	((Efc *)hw)->EEFC_FCR = data;
  400d3c:	4a08      	ldr	r2, [pc, #32]	; (400d60 <_flash_is_locked+0x28>)
  400d3e:	605a      	str	r2, [r3, #4]
	while (!hri_efc_get_EEFC_FSR_FRDY_bit(device->hw)) {
  400d40:	6902      	ldr	r2, [r0, #16]
	return (((Efc *)hw)->EEFC_FSR & EEFC_FSR_FRDY) > 0;
  400d42:	6893      	ldr	r3, [r2, #8]
  400d44:	f013 0f01 	tst.w	r3, #1
  400d48:	d0fb      	beq.n	400d42 <_flash_is_locked+0xa>
		/* Wait for EFC ready to start a new command */
	}

	if (region >= 32) {
  400d4a:	291f      	cmp	r1, #31
  400d4c:	d900      	bls.n	400d50 <_flash_is_locked+0x18>
	return ((Efc *)hw)->EEFC_FRR;
  400d4e:	68d3      	ldr	r3, [r2, #12]
  400d50:	68d0      	ldr	r0, [r2, #12]
		hri_efc_read_EEFC_FRR_reg(device->hw);
	}

	region = (hri_efc_read_EEFC_FRR_reg(device->hw) >> (region & 0x1F)) & 0x1;
  400d52:	f001 011f 	and.w	r1, r1, #31
  400d56:	40c8      	lsrs	r0, r1

	return (bool)region;
}
  400d58:	f000 0001 	and.w	r0, r0, #1
  400d5c:	4770      	bx	lr
  400d5e:	bf00      	nop
  400d60:	5a00000a 	.word	0x5a00000a

00400d64 <EFC_Handler>:

/**
 * \brief EFC interrupt handler
 */
void EFC_Handler(void)
{
  400d64:	b508      	push	{r3, lr}
	void *const hw = _efc_dev->hw;
  400d66:	4b05      	ldr	r3, [pc, #20]	; (400d7c <EFC_Handler+0x18>)
  400d68:	6818      	ldr	r0, [r3, #0]
  400d6a:	6903      	ldr	r3, [r0, #16]
	return (((Efc *)hw)->EEFC_FSR & EEFC_FSR_FRDY) > 0;
  400d6c:	689b      	ldr	r3, [r3, #8]

	if (hri_efc_get_EEFC_FSR_FRDY_bit(hw)) {
  400d6e:	f013 0f01 	tst.w	r3, #1
  400d72:	d002      	beq.n	400d7a <EFC_Handler+0x16>
		if (NULL != _efc_dev->flash_cb.ready_cb) {
  400d74:	6803      	ldr	r3, [r0, #0]
  400d76:	b103      	cbz	r3, 400d7a <EFC_Handler+0x16>
			_efc_dev->flash_cb.ready_cb(_efc_dev);
  400d78:	4798      	blx	r3
  400d7a:	bd08      	pop	{r3, pc}
  400d7c:	20400688 	.word	0x20400688

00400d80 <_pmc_init>:
	PMC_CRITICAL_SECTION_LEAVE();
}

static inline hri_pmc_ckgr_mor_reg_t hri_pmc_read_CKGR_MOR_reg(const void *const hw)
{
	return ((Pmc *)hw)->CKGR_MOR;
  400d80:	491d      	ldr	r1, [pc, #116]	; (400df8 <_pmc_init+0x78>)
  400d82:	6a0a      	ldr	r2, [r1, #32]
	/* Enable Main XTAL oscillator */
	data = hri_pmc_read_CKGR_MOR_reg(PMC) & ~CKGR_MOR_MOSCXTEN;
	data |= CKGR_MOR_KEY_PASSWD | CKGR_MOR_MOSCXTBY | CKGR_MOR_MOSCSEL;
	hri_pmc_write_CKGR_MOR_reg(PMC, data);
#else
	data = hri_pmc_read_CKGR_MOR_reg(PMC) & ~CKGR_MOR_MOSCXTBY;
  400d84:	f022 0202 	bic.w	r2, r2, #2
	data |= CKGR_MOR_KEY_PASSWD | CKGR_MOR_MOSCXTEN | CKGR_MOR_MOSCXTST(CONF_XOSC20M_STARTUP_TIME);
  400d88:	4b1c      	ldr	r3, [pc, #112]	; (400dfc <_pmc_init+0x7c>)
  400d8a:	4313      	orrs	r3, r2
	((Pmc *)hw)->CKGR_MOR = data;
  400d8c:	620b      	str	r3, [r1, #32]
	return (((Pmc *)hw)->PMC_SR & PMC_SR_MOSCXTS) > 0;
  400d8e:	460a      	mov	r2, r1
  400d90:	6e93      	ldr	r3, [r2, #104]	; 0x68
	hri_pmc_write_CKGR_MOR_reg(PMC, data);
	while (!hri_pmc_get_SR_MOSCXTS_bit(PMC)) {
  400d92:	f013 0f01 	tst.w	r3, #1
  400d96:	d0fb      	beq.n	400d90 <_pmc_init+0x10>
	((Pmc *)hw)->CKGR_MOR |= mask;
  400d98:	4b17      	ldr	r3, [pc, #92]	; (400df8 <_pmc_init+0x78>)
  400d9a:	6a19      	ldr	r1, [r3, #32]
  400d9c:	4a18      	ldr	r2, [pc, #96]	; (400e00 <_pmc_init+0x80>)
  400d9e:	430a      	orrs	r2, r1
  400da0:	621a      	str	r2, [r3, #32]

static inline void hri_pmc_write_CKGR_PLLAR_MULA_bf(const void *const hw, hri_pmc_ckgr_pllar_reg_t data)
{
	uint32_t tmp;
	PMC_CRITICAL_SECTION_ENTER();
	tmp = ((Pmc *)hw)->CKGR_PLLAR;
  400da2:	6a99      	ldr	r1, [r3, #40]	; 0x28
	tmp &= ~CKGR_PLLAR_MULA_Msk;
  400da4:	4a17      	ldr	r2, [pc, #92]	; (400e04 <_pmc_init+0x84>)
  400da6:	400a      	ands	r2, r1
	tmp |= CKGR_PLLAR_MULA(data);
	((Pmc *)hw)->CKGR_PLLAR = tmp;
  400da8:	629a      	str	r2, [r3, #40]	; 0x28
}

static inline void hri_pmc_write_CKGR_PLLAR_reg(const void *const hw, hri_pmc_ckgr_pllar_reg_t data)
{
	PMC_CRITICAL_SECTION_ENTER();
	((Pmc *)hw)->CKGR_PLLAR = data;
  400daa:	4a17      	ldr	r2, [pc, #92]	; (400e08 <_pmc_init+0x88>)
  400dac:	629a      	str	r2, [r3, #40]	; 0x28
	return (((Pmc *)hw)->PMC_SR & PMC_SR_LOCKA) > 0;
  400dae:	461a      	mov	r2, r3
  400db0:	6e93      	ldr	r3, [r2, #104]	; 0x68
#if (CONF_PLLACK_ENABLE == 1)
	data = CKGR_PLLAR_MULA(CONF_PLLACK_MUL - 1) | CKGR_PLLAR_DIVA(CONF_PLLACK_DIV) | CKGR_PLLAR_PLLACOUNT(PLL_COUNT);
	/* Stop PLL first */
	hri_pmc_write_CKGR_PLLAR_MULA_bf(PMC, 0);
	hri_pmc_write_CKGR_PLLAR_reg(PMC, (CKGR_PLLAR_ONE | data));
	while (!hri_pmc_get_SR_LOCKA_bit(PMC)) {
  400db2:	f013 0f02 	tst.w	r3, #2
  400db6:	d0fb      	beq.n	400db0 <_pmc_init+0x30>

static inline void hri_pmc_write_MCKR_PRES_bf(const void *const hw, hri_pmc_mckr_reg_t data)
{
	uint32_t tmp;
	PMC_CRITICAL_SECTION_ENTER();
	tmp = ((Pmc *)hw)->PMC_MCKR;
  400db8:	4a0f      	ldr	r2, [pc, #60]	; (400df8 <_pmc_init+0x78>)
  400dba:	6b13      	ldr	r3, [r2, #48]	; 0x30
	tmp &= ~PMC_MCKR_PRES_Msk;
  400dbc:	f023 0370 	bic.w	r3, r3, #112	; 0x70
	tmp |= PMC_MCKR_PRES(data);
	((Pmc *)hw)->PMC_MCKR = tmp;
  400dc0:	6313      	str	r3, [r2, #48]	; 0x30
	return (((Pmc *)hw)->PMC_SR & PMC_SR_MCKRDY) > 0;
  400dc2:	6e93      	ldr	r3, [r2, #104]	; 0x68
	while (!hri_pmc_get_SR_MCKRDY_bit(PMC)) {
		/* Wait until master clock is ready */
	}
#elif ((CONF_CLK_GEN_MCKR_SRC == CLK_SRC_OPTION_PLLACK) || (CONF_CLK_GEN_MCKR_SRC == CLK_SRC_OPTION_UPLLCKDIV))
	hri_pmc_write_MCKR_PRES_bf(PMC, CONF_MCKR_PRESC);
	while (!hri_pmc_get_SR_MCKRDY_bit(PMC)) {
  400dc4:	f013 0f08 	tst.w	r3, #8
  400dc8:	d0fb      	beq.n	400dc2 <_pmc_init+0x42>

static inline void hri_pmc_write_MCKR_MDIV_bf(const void *const hw, hri_pmc_mckr_reg_t data)
{
	uint32_t tmp;
	PMC_CRITICAL_SECTION_ENTER();
	tmp = ((Pmc *)hw)->PMC_MCKR;
  400dca:	4a0b      	ldr	r2, [pc, #44]	; (400df8 <_pmc_init+0x78>)
  400dcc:	6b13      	ldr	r3, [r2, #48]	; 0x30
	tmp &= ~PMC_MCKR_MDIV_Msk;
  400dce:	f423 7340 	bic.w	r3, r3, #768	; 0x300
	tmp |= PMC_MCKR_MDIV(data);
  400dd2:	f443 7380 	orr.w	r3, r3, #256	; 0x100
	((Pmc *)hw)->PMC_MCKR = tmp;
  400dd6:	6313      	str	r3, [r2, #48]	; 0x30
	return (((Pmc *)hw)->PMC_SR & PMC_SR_MCKRDY) > 0;
  400dd8:	6e93      	ldr	r3, [r2, #104]	; 0x68
		/* Wait until master clock is ready */
	}
	hri_pmc_write_MCKR_MDIV_bf(PMC, CONF_MCK_DIV);
	while (!hri_pmc_get_SR_MCKRDY_bit(PMC)) {
  400dda:	f013 0f08 	tst.w	r3, #8
  400dde:	d0fb      	beq.n	400dd8 <_pmc_init+0x58>
	tmp = ((Pmc *)hw)->PMC_MCKR;
  400de0:	4a05      	ldr	r2, [pc, #20]	; (400df8 <_pmc_init+0x78>)
  400de2:	6b13      	ldr	r3, [r2, #48]	; 0x30
	tmp &= ~PMC_MCKR_CSS_Msk;
  400de4:	f023 0303 	bic.w	r3, r3, #3
	tmp |= PMC_MCKR_CSS(data);
  400de8:	f043 0302 	orr.w	r3, r3, #2
	((Pmc *)hw)->PMC_MCKR = tmp;
  400dec:	6313      	str	r3, [r2, #48]	; 0x30
	return (((Pmc *)hw)->PMC_SR & PMC_SR_MCKRDY) > 0;
  400dee:	6e93      	ldr	r3, [r2, #104]	; 0x68
		/* Wait until master clock is ready */
	}
	hri_pmc_write_MCKR_CSS_bf(PMC, CONF_CLK_GEN_MCKR_SRC);
	while (!hri_pmc_get_SR_MCKRDY_bit(PMC)) {
  400df0:	f013 0f08 	tst.w	r3, #8
  400df4:	d0fb      	beq.n	400dee <_pmc_init+0x6e>
{
	_pmc_init_sources();
	_pmc_init_master_clock();
	_pmc_init_program_clock();
	_pmc_init_fs_clock();
}
  400df6:	4770      	bx	lr
  400df8:	400e0600 	.word	0x400e0600
  400dfc:	00373e01 	.word	0x00373e01
  400e00:	01370000 	.word	0x01370000
  400e04:	f800ffff 	.word	0xf800ffff
  400e08:	20183f01 	.word	0x20183f01

00400e0c <_usart_get_hardware_index>:

/**
 * \brief Retrieve ordinal number of the given usart hardware instance
 */
static uint8_t _usart_get_hardware_index(const void *const hw)
{
  400e0c:	b510      	push	{r4, lr}
	ASSERT(hw);
  400e0e:	4604      	mov	r4, r0
  400e10:	f240 222f 	movw	r2, #559	; 0x22f
  400e14:	4905      	ldr	r1, [pc, #20]	; (400e2c <_usart_get_hardware_index+0x20>)
  400e16:	3000      	adds	r0, #0
  400e18:	bf18      	it	ne
  400e1a:	2001      	movne	r0, #1
  400e1c:	4b04      	ldr	r3, [pc, #16]	; (400e30 <_usart_get_hardware_index+0x24>)
  400e1e:	4798      	blx	r3

#ifdef _UNIT_TEST_
	return ((uint32_t)hw - (uint32_t)USART0) / sizeof(Usart);
#endif

	return ((uint32_t)hw - (uint32_t)USART0) >> 14;
  400e20:	4804      	ldr	r0, [pc, #16]	; (400e34 <_usart_get_hardware_index+0x28>)
  400e22:	4420      	add	r0, r4
}
  400e24:	f3c0 3087 	ubfx	r0, r0, #14, #8
  400e28:	bd10      	pop	{r4, pc}
  400e2a:	bf00      	nop
  400e2c:	00403214 	.word	0x00403214
  400e30:	00400911 	.word	0x00400911
  400e34:	bffdc000 	.word	0xbffdc000

00400e38 <_get_usart_index>:
 * \param[in] hw The pointer to hardware instance

 * \return The ordinal number of the given usart hardware instance
 */
static uint8_t _get_usart_index(const void *const hw)
{
  400e38:	b510      	push	{r4, lr}
	ASSERT(hw);
  400e3a:	4604      	mov	r4, r0
  400e3c:	f44f 722d 	mov.w	r2, #692	; 0x2b4
  400e40:	4908      	ldr	r1, [pc, #32]	; (400e64 <_get_usart_index+0x2c>)
  400e42:	3000      	adds	r0, #0
  400e44:	bf18      	it	ne
  400e46:	2001      	movne	r0, #1
  400e48:	4b07      	ldr	r3, [pc, #28]	; (400e68 <_get_usart_index+0x30>)
  400e4a:	4798      	blx	r3
	uint8_t usart_offset = _usart_get_hardware_index(hw);
  400e4c:	4620      	mov	r0, r4
  400e4e:	4b07      	ldr	r3, [pc, #28]	; (400e6c <_get_usart_index+0x34>)
  400e50:	4798      	blx	r3
	uint8_t i;

	for (i = 0; i < ARRAY_SIZE(_usarts); i++) {
		if (_usarts[i].number == usart_offset) {
  400e52:	b128      	cbz	r0, 400e60 <_get_usart_index+0x28>
			return i;
		}
	}

	ASSERT(false);
  400e54:	f240 22be 	movw	r2, #702	; 0x2be
  400e58:	4902      	ldr	r1, [pc, #8]	; (400e64 <_get_usart_index+0x2c>)
  400e5a:	2000      	movs	r0, #0
  400e5c:	4b02      	ldr	r3, [pc, #8]	; (400e68 <_get_usart_index+0x30>)
  400e5e:	4798      	blx	r3
	return 0;
}
  400e60:	2000      	movs	r0, #0
  400e62:	bd10      	pop	{r4, pc}
  400e64:	00403214 	.word	0x00403214
  400e68:	00400911 	.word	0x00400911
  400e6c:	00400e0d 	.word	0x00400e0d

00400e70 <_usart_init>:
 * \param[in] hw The pointer to hardware instance
 *
 * \return The status of initialization
 */
static int32_t _usart_init(void *const hw)
{
  400e70:	b510      	push	{r4, lr}
	ASSERT(hw);
  400e72:	4604      	mov	r4, r0
  400e74:	f240 22cb 	movw	r2, #715	; 0x2cb
  400e78:	4911      	ldr	r1, [pc, #68]	; (400ec0 <_usart_init+0x50>)
  400e7a:	3000      	adds	r0, #0
  400e7c:	bf18      	it	ne
  400e7e:	2001      	movne	r0, #1
  400e80:	4b10      	ldr	r3, [pc, #64]	; (400ec4 <_usart_init+0x54>)
  400e82:	4798      	blx	r3
	uint8_t i = _get_usart_index(hw);
  400e84:	4620      	mov	r0, r4
  400e86:	4b10      	ldr	r3, [pc, #64]	; (400ec8 <_usart_init+0x58>)
  400e88:	4798      	blx	r3
}

static inline void hri_usart_write_US_WPMR_reg(const void *const hw, hri_usart_us_wpmr_reg_t data)
{
	USART_CRITICAL_SECTION_ENTER();
	((Usart *)hw)->US_WPMR = data;
  400e8a:	4b10      	ldr	r3, [pc, #64]	; (400ecc <_usart_init+0x5c>)
  400e8c:	f8c4 30e4 	str.w	r3, [r4, #228]	; 0xe4
	((Usart *)hw)->US_MR = data;
  400e90:	2300      	movs	r3, #0
  400e92:	6063      	str	r3, [r4, #4]
	((Usart *)hw)->US_RTOR = data;
  400e94:	6263      	str	r3, [r4, #36]	; 0x24
	((Usart *)hw)->US_TTGR = data;
  400e96:	62a3      	str	r3, [r4, #40]	; 0x28
}

static inline void hri_usart_write_US_CR_reg(const void *const hw, hri_usart_us_cr_reg_t data)
{
	USART_CRITICAL_SECTION_ENTER();
	((Usart *)hw)->US_CR = data;
  400e98:	22ac      	movs	r2, #172	; 0xac
  400e9a:	6022      	str	r2, [r4, #0]
  400e9c:	f44f 7280 	mov.w	r2, #256	; 0x100
  400ea0:	6022      	str	r2, [r4, #0]
  400ea2:	f44f 2200 	mov.w	r2, #524288	; 0x80000
  400ea6:	6022      	str	r2, [r4, #0]
	/* Reset status bits. */
	hri_usart_write_US_CR_reg(hw, US_CR_RSTSTA);
	/* Turn off RTS and DTR if exist. */
	hri_usart_write_US_CR_reg(hw, US_CR_USART_RTSDIS);

	hri_usart_write_US_MR_reg(hw, _usarts[i].us_mr);
  400ea8:	eb00 0040 	add.w	r0, r0, r0, lsl #1
  400eac:	4a08      	ldr	r2, [pc, #32]	; (400ed0 <_usart_init+0x60>)
  400eae:	eb02 0080 	add.w	r0, r2, r0, lsl #2
  400eb2:	6842      	ldr	r2, [r0, #4]
	((Usart *)hw)->US_MR = data;
  400eb4:	6062      	str	r2, [r4, #4]
	((Usart *)hw)->US_BRGR = data;
  400eb6:	4a07      	ldr	r2, [pc, #28]	; (400ed4 <_usart_init+0x64>)
  400eb8:	6222      	str	r2, [r4, #32]
	hri_usart_write_US_BRGR_reg(hw, _usarts[i].us_brgr);

	return ERR_NONE;
}
  400eba:	4618      	mov	r0, r3
  400ebc:	bd10      	pop	{r4, pc}
  400ebe:	bf00      	nop
  400ec0:	00403214 	.word	0x00403214
  400ec4:	00400911 	.word	0x00400911
  400ec8:	00400e39 	.word	0x00400e39
  400ecc:	55534100 	.word	0x55534100
  400ed0:	00403208 	.word	0x00403208
  400ed4:	00030051 	.word	0x00030051

00400ed8 <_usart_get_irq_num>:
{
  400ed8:	b510      	push	{r4, lr}
	ASSERT(hw);
  400eda:	4604      	mov	r4, r0
  400edc:	22ae      	movs	r2, #174	; 0xae
  400ede:	4906      	ldr	r1, [pc, #24]	; (400ef8 <_usart_get_irq_num+0x20>)
  400ee0:	3000      	adds	r0, #0
  400ee2:	bf18      	it	ne
  400ee4:	2001      	movne	r0, #1
  400ee6:	4b05      	ldr	r3, [pc, #20]	; (400efc <_usart_get_irq_num+0x24>)
  400ee8:	4798      	blx	r3
	return USART0_IRQn + _usart_get_hardware_index(hw);
  400eea:	4620      	mov	r0, r4
  400eec:	4b04      	ldr	r3, [pc, #16]	; (400f00 <_usart_get_irq_num+0x28>)
  400eee:	4798      	blx	r3
  400ef0:	300d      	adds	r0, #13
}
  400ef2:	b2c0      	uxtb	r0, r0
  400ef4:	bd10      	pop	{r4, pc}
  400ef6:	bf00      	nop
  400ef8:	00403214 	.word	0x00403214
  400efc:	00400911 	.word	0x00400911
  400f00:	00400e0d 	.word	0x00400e0d

00400f04 <_usart_async_init>:
{
  400f04:	b570      	push	{r4, r5, r6, lr}
  400f06:	460c      	mov	r4, r1
	ASSERT(device);
  400f08:	4606      	mov	r6, r0
  400f0a:	22d1      	movs	r2, #209	; 0xd1
  400f0c:	4923      	ldr	r1, [pc, #140]	; (400f9c <_usart_async_init+0x98>)
  400f0e:	3000      	adds	r0, #0
  400f10:	bf18      	it	ne
  400f12:	2001      	movne	r0, #1
  400f14:	4b22      	ldr	r3, [pc, #136]	; (400fa0 <_usart_async_init+0x9c>)
  400f16:	4798      	blx	r3
	init_status = _usart_init(hw);
  400f18:	4620      	mov	r0, r4
  400f1a:	4b22      	ldr	r3, [pc, #136]	; (400fa4 <_usart_async_init+0xa0>)
  400f1c:	4798      	blx	r3
	if (init_status) {
  400f1e:	4605      	mov	r5, r0
  400f20:	b108      	cbz	r0, 400f26 <_usart_async_init+0x22>
}
  400f22:	4628      	mov	r0, r5
  400f24:	bd70      	pop	{r4, r5, r6, pc}
	device->hw = hw;
  400f26:	61b4      	str	r4, [r6, #24]
	if (hw == USART0) {
  400f28:	4b1f      	ldr	r3, [pc, #124]	; (400fa8 <_usart_async_init+0xa4>)
  400f2a:	429c      	cmp	r4, r3
  400f2c:	d033      	beq.n	400f96 <_usart_async_init+0x92>
	NVIC_DisableIRQ((IRQn_Type)_usart_get_irq_num(hw));
  400f2e:	4620      	mov	r0, r4
  400f30:	4b1e      	ldr	r3, [pc, #120]	; (400fac <_usart_async_init+0xa8>)
  400f32:	4798      	blx	r3
  400f34:	b243      	sxtb	r3, r0
  if ((int32_t)(IRQn) >= 0)
  400f36:	2b00      	cmp	r3, #0
  400f38:	db0d      	blt.n	400f56 <_usart_async_init+0x52>
    NVIC->ICER[(((uint32_t)IRQn) >> 5UL)] = (uint32_t)(1UL << (((uint32_t)IRQn) & 0x1FUL));
  400f3a:	095b      	lsrs	r3, r3, #5
  400f3c:	f000 001f 	and.w	r0, r0, #31
  400f40:	2201      	movs	r2, #1
  400f42:	fa02 f000 	lsl.w	r0, r2, r0
  400f46:	3320      	adds	r3, #32
  400f48:	4a19      	ldr	r2, [pc, #100]	; (400fb0 <_usart_async_init+0xac>)
  400f4a:	f842 0023 	str.w	r0, [r2, r3, lsl #2]
  __ASM volatile ("dsb 0xF":::"memory");
  400f4e:	f3bf 8f4f 	dsb	sy
  __ASM volatile ("isb 0xF":::"memory");
  400f52:	f3bf 8f6f 	isb	sy
	NVIC_ClearPendingIRQ((IRQn_Type)_usart_get_irq_num(hw));
  400f56:	4620      	mov	r0, r4
  400f58:	4b14      	ldr	r3, [pc, #80]	; (400fac <_usart_async_init+0xa8>)
  400f5a:	4798      	blx	r3
  400f5c:	b243      	sxtb	r3, r0
  if ((int32_t)(IRQn) >= 0)
  400f5e:	2b00      	cmp	r3, #0
  400f60:	db09      	blt.n	400f76 <_usart_async_init+0x72>
    NVIC->ICPR[(((uint32_t)IRQn) >> 5UL)] = (uint32_t)(1UL << (((uint32_t)IRQn) & 0x1FUL));
  400f62:	095b      	lsrs	r3, r3, #5
  400f64:	f000 001f 	and.w	r0, r0, #31
  400f68:	2201      	movs	r2, #1
  400f6a:	fa02 f000 	lsl.w	r0, r2, r0
  400f6e:	3360      	adds	r3, #96	; 0x60
  400f70:	4a0f      	ldr	r2, [pc, #60]	; (400fb0 <_usart_async_init+0xac>)
  400f72:	f842 0023 	str.w	r0, [r2, r3, lsl #2]
	NVIC_EnableIRQ((IRQn_Type)_usart_get_irq_num(hw));
  400f76:	4620      	mov	r0, r4
  400f78:	4b0c      	ldr	r3, [pc, #48]	; (400fac <_usart_async_init+0xa8>)
  400f7a:	4798      	blx	r3
  400f7c:	b243      	sxtb	r3, r0
  if ((int32_t)(IRQn) >= 0)
  400f7e:	2b00      	cmp	r3, #0
  400f80:	dbcf      	blt.n	400f22 <_usart_async_init+0x1e>
    NVIC->ISER[(((uint32_t)IRQn) >> 5UL)] = (uint32_t)(1UL << (((uint32_t)IRQn) & 0x1FUL));
  400f82:	095b      	lsrs	r3, r3, #5
  400f84:	f000 001f 	and.w	r0, r0, #31
  400f88:	2201      	movs	r2, #1
  400f8a:	fa02 f000 	lsl.w	r0, r2, r0
  400f8e:	4a08      	ldr	r2, [pc, #32]	; (400fb0 <_usart_async_init+0xac>)
  400f90:	f842 0023 	str.w	r0, [r2, r3, lsl #2]
  400f94:	e7c5      	b.n	400f22 <_usart_async_init+0x1e>
		_usart0_dev = dev;
  400f96:	4b07      	ldr	r3, [pc, #28]	; (400fb4 <_usart_async_init+0xb0>)
  400f98:	601e      	str	r6, [r3, #0]
  400f9a:	e7c8      	b.n	400f2e <_usart_async_init+0x2a>
  400f9c:	00403214 	.word	0x00403214
  400fa0:	00400911 	.word	0x00400911
  400fa4:	00400e71 	.word	0x00400e71
  400fa8:	40024000 	.word	0x40024000
  400fac:	00400ed9 	.word	0x00400ed9
  400fb0:	e000e100 	.word	0xe000e100
  400fb4:	2040268c 	.word	0x2040268c

00400fb8 <_usart_async_enable>:
{
  400fb8:	b570      	push	{r4, r5, r6, lr}
	ASSERT(device);
  400fba:	4e0a      	ldr	r6, [pc, #40]	; (400fe4 <_usart_async_enable+0x2c>)
  400fbc:	4604      	mov	r4, r0
  400fbe:	f240 1213 	movw	r2, #275	; 0x113
  400fc2:	4631      	mov	r1, r6
  400fc4:	3000      	adds	r0, #0
  400fc6:	bf18      	it	ne
  400fc8:	2001      	movne	r0, #1
  400fca:	4d07      	ldr	r5, [pc, #28]	; (400fe8 <_usart_async_enable+0x30>)
  400fcc:	47a8      	blx	r5
	_usart_enable(device->hw);
  400fce:	69a4      	ldr	r4, [r4, #24]
 *
 * \param[in] hw The pointer to hardware instance
 */
static inline void _usart_enable(void *const hw)
{
	ASSERT(hw);
  400fd0:	f44f 723d 	mov.w	r2, #756	; 0x2f4
  400fd4:	4631      	mov	r1, r6
  400fd6:	1c20      	adds	r0, r4, #0
  400fd8:	bf18      	it	ne
  400fda:	2001      	movne	r0, #1
  400fdc:	47a8      	blx	r5
	((Usart *)hw)->US_CR = data;
  400fde:	2350      	movs	r3, #80	; 0x50
  400fe0:	6023      	str	r3, [r4, #0]
  400fe2:	bd70      	pop	{r4, r5, r6, pc}
  400fe4:	00403214 	.word	0x00403214
  400fe8:	00400911 	.word	0x00400911

00400fec <_usart_async_write_byte>:
{
  400fec:	b538      	push	{r3, r4, r5, lr}
  400fee:	460c      	mov	r4, r1
	ASSERT(device);
  400ff0:	4605      	mov	r5, r0
  400ff2:	f240 12b5 	movw	r2, #437	; 0x1b5
  400ff6:	4904      	ldr	r1, [pc, #16]	; (401008 <_usart_async_write_byte+0x1c>)
  400ff8:	3000      	adds	r0, #0
  400ffa:	bf18      	it	ne
  400ffc:	2001      	movne	r0, #1
  400ffe:	4b03      	ldr	r3, [pc, #12]	; (40100c <_usart_async_write_byte+0x20>)
  401000:	4798      	blx	r3
	hri_usart_write_US_THR_reg(device->hw, (hri_usart_us_thr_reg_t)data);
  401002:	69ab      	ldr	r3, [r5, #24]
}

static inline void hri_usart_write_US_THR_reg(const void *const hw, hri_usart_us_thr_reg_t data)
{
	USART_CRITICAL_SECTION_ENTER();
	((Usart *)hw)->US_THR = data;
  401004:	61dc      	str	r4, [r3, #28]
  401006:	bd38      	pop	{r3, r4, r5, pc}
  401008:	00403214 	.word	0x00403214
  40100c:	00400911 	.word	0x00400911

00401010 <_usart_async_enable_byte_sent_irq>:
{
  401010:	b510      	push	{r4, lr}
	ASSERT(device);
  401012:	4604      	mov	r4, r0
  401014:	f240 221d 	movw	r2, #541	; 0x21d
  401018:	4904      	ldr	r1, [pc, #16]	; (40102c <_usart_async_enable_byte_sent_irq+0x1c>)
  40101a:	3000      	adds	r0, #0
  40101c:	bf18      	it	ne
  40101e:	2001      	movne	r0, #1
  401020:	4b03      	ldr	r3, [pc, #12]	; (401030 <_usart_async_enable_byte_sent_irq+0x20>)
  401022:	4798      	blx	r3
	hri_usart_set_US_IMR_TXRDY_bit(device->hw);
  401024:	69a3      	ldr	r3, [r4, #24]
	((Usart *)hw)->US_IER = US_IMR_TXRDY;
  401026:	2202      	movs	r2, #2
  401028:	609a      	str	r2, [r3, #8]
  40102a:	bd10      	pop	{r4, pc}
  40102c:	00403214 	.word	0x00403214
  401030:	00400911 	.word	0x00400911

00401034 <_usart_async_enable_tx_done_irq>:
{
  401034:	b510      	push	{r4, lr}
	ASSERT(device);
  401036:	4604      	mov	r4, r0
  401038:	f240 2226 	movw	r2, #550	; 0x226
  40103c:	4905      	ldr	r1, [pc, #20]	; (401054 <_usart_async_enable_tx_done_irq+0x20>)
  40103e:	3000      	adds	r0, #0
  401040:	bf18      	it	ne
  401042:	2001      	movne	r0, #1
  401044:	4b04      	ldr	r3, [pc, #16]	; (401058 <_usart_async_enable_tx_done_irq+0x24>)
  401046:	4798      	blx	r3
	hri_usart_set_US_IMR_TXEMPTY_bit(device->hw);
  401048:	69a3      	ldr	r3, [r4, #24]
	((Usart *)hw)->US_IER = US_IMR_TXEMPTY;
  40104a:	f44f 7200 	mov.w	r2, #512	; 0x200
  40104e:	609a      	str	r2, [r3, #8]
  401050:	bd10      	pop	{r4, pc}
  401052:	bf00      	nop
  401054:	00403214 	.word	0x00403214
  401058:	00400911 	.word	0x00400911

0040105c <_usart_async_set_irq_state>:
{
  40105c:	b570      	push	{r4, r5, r6, lr}
  40105e:	460c      	mov	r4, r1
  401060:	4616      	mov	r6, r2
	ASSERT(device);
  401062:	4605      	mov	r5, r0
  401064:	f44f 7214 	mov.w	r2, #592	; 0x250
  401068:	491a      	ldr	r1, [pc, #104]	; (4010d4 <_usart_async_set_irq_state+0x78>)
  40106a:	3000      	adds	r0, #0
  40106c:	bf18      	it	ne
  40106e:	2001      	movne	r0, #1
  401070:	4b19      	ldr	r3, [pc, #100]	; (4010d8 <_usart_async_set_irq_state+0x7c>)
  401072:	4798      	blx	r3
	if (state) {
  401074:	b1be      	cbz	r6, 4010a6 <_usart_async_set_irq_state+0x4a>
		if (USART_ASYNC_BYTE_SENT == type || USART_ASYNC_TX_DONE == type) {
  401076:	f014 0ffd 	tst.w	r4, #253	; 0xfd
  40107a:	d004      	beq.n	401086 <_usart_async_set_irq_state+0x2a>
		} else if (USART_ASYNC_RX_DONE == type) {
  40107c:	2c01      	cmp	r4, #1
  40107e:	d00a      	beq.n	401096 <_usart_async_set_irq_state+0x3a>
		} else if (USART_ASYNC_ERROR == type) {
  401080:	2c03      	cmp	r4, #3
  401082:	d00c      	beq.n	40109e <_usart_async_set_irq_state+0x42>
  401084:	bd70      	pop	{r4, r5, r6, pc}
			hri_usart_set_US_IMR_TXRDY_bit(device->hw);
  401086:	69ab      	ldr	r3, [r5, #24]
	((Usart *)hw)->US_IER = US_IMR_TXRDY;
  401088:	2202      	movs	r2, #2
  40108a:	609a      	str	r2, [r3, #8]
			hri_usart_set_US_IMR_TXEMPTY_bit(device->hw);
  40108c:	69ab      	ldr	r3, [r5, #24]
	((Usart *)hw)->US_IER = US_IMR_TXEMPTY;
  40108e:	f44f 7200 	mov.w	r2, #512	; 0x200
  401092:	609a      	str	r2, [r3, #8]
  401094:	bd70      	pop	{r4, r5, r6, pc}
			hri_usart_set_US_IMR_RXRDY_bit(device->hw);
  401096:	69ab      	ldr	r3, [r5, #24]
	((Usart *)hw)->US_IER = US_IMR_RXRDY;
  401098:	2201      	movs	r2, #1
  40109a:	609a      	str	r2, [r3, #8]
  40109c:	bd70      	pop	{r4, r5, r6, pc}
			    device->hw, US_CSR_OVRE | US_CSR_USART_LIN_FRAME | US_CSR_USART_LIN_PARE | US_CSR_USART_MANERR);
  40109e:	69ab      	ldr	r3, [r5, #24]
	((Usart *)hw)->US_IER = mask;
  4010a0:	4a0e      	ldr	r2, [pc, #56]	; (4010dc <_usart_async_set_irq_state+0x80>)
  4010a2:	609a      	str	r2, [r3, #8]
  4010a4:	bd70      	pop	{r4, r5, r6, pc}
		if (USART_ASYNC_BYTE_SENT == type || USART_ASYNC_TX_DONE == type) {
  4010a6:	f014 0ffd 	tst.w	r4, #253	; 0xfd
  4010aa:	d007      	beq.n	4010bc <_usart_async_set_irq_state+0x60>
		} else if (USART_ASYNC_RX_DONE == type) {
  4010ac:	2c01      	cmp	r4, #1
  4010ae:	d00d      	beq.n	4010cc <_usart_async_set_irq_state+0x70>
		} else if (USART_ASYNC_ERROR == type) {
  4010b0:	2c03      	cmp	r4, #3
  4010b2:	d1e7      	bne.n	401084 <_usart_async_set_irq_state+0x28>
			    device->hw, US_CSR_OVRE | US_CSR_USART_LIN_FRAME | US_CSR_USART_LIN_PARE | US_CSR_USART_MANERR);
  4010b4:	69ab      	ldr	r3, [r5, #24]
	((Usart *)hw)->US_IDR = mask;
  4010b6:	4a09      	ldr	r2, [pc, #36]	; (4010dc <_usart_async_set_irq_state+0x80>)
  4010b8:	60da      	str	r2, [r3, #12]
}
  4010ba:	e7e3      	b.n	401084 <_usart_async_set_irq_state+0x28>
			hri_usart_clear_US_IMR_TXRDY_bit(device->hw);
  4010bc:	69ab      	ldr	r3, [r5, #24]
	((Usart *)hw)->US_IDR = US_IMR_TXRDY;
  4010be:	2202      	movs	r2, #2
  4010c0:	60da      	str	r2, [r3, #12]
			hri_usart_clear_US_IMR_TXEMPTY_bit(device->hw);
  4010c2:	69ab      	ldr	r3, [r5, #24]
	((Usart *)hw)->US_IDR = US_IMR_TXEMPTY;
  4010c4:	f44f 7200 	mov.w	r2, #512	; 0x200
  4010c8:	60da      	str	r2, [r3, #12]
  4010ca:	bd70      	pop	{r4, r5, r6, pc}
			hri_usart_clear_US_IMR_RXRDY_bit(device->hw);
  4010cc:	69ab      	ldr	r3, [r5, #24]
	((Usart *)hw)->US_IDR = US_IMR_RXRDY;
  4010ce:	2201      	movs	r2, #1
  4010d0:	60da      	str	r2, [r3, #12]
  4010d2:	bd70      	pop	{r4, r5, r6, pc}
  4010d4:	00403214 	.word	0x00403214
  4010d8:	00400911 	.word	0x00400911
  4010dc:	010000e0 	.word	0x010000e0

004010e0 <_usart_get_usart_async>:
}
  4010e0:	2000      	movs	r0, #0
  4010e2:	4770      	bx	lr

004010e4 <USART0_Handler>:
{
  4010e4:	b510      	push	{r4, lr}
	_usart_interrupt_handler(_usart0_dev);
  4010e6:	4b25      	ldr	r3, [pc, #148]	; (40117c <USART0_Handler+0x98>)
  4010e8:	681c      	ldr	r4, [r3, #0]
	ASSERT(device);
  4010ea:	f240 2289 	movw	r2, #649	; 0x289
  4010ee:	4924      	ldr	r1, [pc, #144]	; (401180 <USART0_Handler+0x9c>)
  4010f0:	1c20      	adds	r0, r4, #0
  4010f2:	bf18      	it	ne
  4010f4:	2001      	movne	r0, #1
  4010f6:	4b23      	ldr	r3, [pc, #140]	; (401184 <USART0_Handler+0xa0>)
  4010f8:	4798      	blx	r3
	void *hw = device->hw;
  4010fa:	69a3      	ldr	r3, [r4, #24]
	return (((Usart *)hw)->US_CSR & US_CSR_TXRDY) > 0;
  4010fc:	695a      	ldr	r2, [r3, #20]
	if (hri_usart_get_US_CSR_TXRDY_bit(hw) && hri_usart_get_US_IMR_TXRDY_bit(hw)) {
  4010fe:	f012 0f02 	tst.w	r2, #2
  401102:	d003      	beq.n	40110c <USART0_Handler+0x28>
	return (((Usart *)hw)->US_IMR & US_IMR_TXRDY) >> US_IMR_TXRDY_Pos;
  401104:	691a      	ldr	r2, [r3, #16]
  401106:	f012 0f02 	tst.w	r2, #2
  40110a:	d118      	bne.n	40113e <USART0_Handler+0x5a>
	return (((Usart *)hw)->US_CSR & US_CSR_TXEMPTY) > 0;
  40110c:	695a      	ldr	r2, [r3, #20]
	} else if (hri_usart_get_US_CSR_TXEMPTY_bit(hw) && hri_usart_get_US_IMR_TXEMPTY_bit(hw)) {
  40110e:	f412 7f00 	tst.w	r2, #512	; 0x200
  401112:	d003      	beq.n	40111c <USART0_Handler+0x38>
	return (((Usart *)hw)->US_IMR & US_IMR_TXEMPTY) >> US_IMR_TXEMPTY_Pos;
  401114:	691a      	ldr	r2, [r3, #16]
  401116:	f412 7f00 	tst.w	r2, #512	; 0x200
  40111a:	d116      	bne.n	40114a <USART0_Handler+0x66>
	return (((Usart *)hw)->US_CSR & US_CSR_RXRDY) > 0;
  40111c:	695a      	ldr	r2, [r3, #20]
	} else if (hri_usart_get_US_CSR_RXRDY_bit(hw) && hri_usart_get_US_IMR_RXRDY_bit(hw)) {
  40111e:	f012 0f01 	tst.w	r2, #1
  401122:	d01f      	beq.n	401164 <USART0_Handler+0x80>
	return (((Usart *)hw)->US_IMR & US_IMR_RXRDY) >> US_IMR_RXRDY_Pos;
  401124:	691a      	ldr	r2, [r3, #16]
  401126:	f012 0f01 	tst.w	r2, #1
  40112a:	d01b      	beq.n	401164 <USART0_Handler+0x80>
	return ((Usart *)hw)->US_CSR;
  40112c:	6959      	ldr	r1, [r3, #20]
		if (hri_usart_read_US_CSR_reg(hw) &
  40112e:	4a16      	ldr	r2, [pc, #88]	; (401188 <USART0_Handler+0xa4>)
  401130:	4211      	tst	r1, r2
  401132:	d011      	beq.n	401158 <USART0_Handler+0x74>
	return ((Usart *)hw)->US_RHR;
  401134:	699a      	ldr	r2, [r3, #24]
	((Usart *)hw)->US_CR = data;
  401136:	f44f 7280 	mov.w	r2, #256	; 0x100
  40113a:	601a      	str	r2, [r3, #0]
  40113c:	bd10      	pop	{r4, pc}
	((Usart *)hw)->US_IDR = US_IMR_TXRDY;
  40113e:	2202      	movs	r2, #2
  401140:	60da      	str	r2, [r3, #12]
		device->usart_cb.tx_byte_sent(device);
  401142:	6823      	ldr	r3, [r4, #0]
  401144:	4620      	mov	r0, r4
  401146:	4798      	blx	r3
  401148:	bd10      	pop	{r4, pc}
	((Usart *)hw)->US_IDR = US_IMR_TXEMPTY;
  40114a:	f44f 7200 	mov.w	r2, #512	; 0x200
  40114e:	60da      	str	r2, [r3, #12]
		device->usart_cb.tx_done_cb(device);
  401150:	68a3      	ldr	r3, [r4, #8]
  401152:	4620      	mov	r0, r4
  401154:	4798      	blx	r3
  401156:	bd10      	pop	{r4, pc}
	return ((Usart *)hw)->US_RHR;
  401158:	6999      	ldr	r1, [r3, #24]
		device->usart_cb.rx_done_cb(device, (uint8_t)hri_usart_read_US_RHR_reg(hw));
  40115a:	6863      	ldr	r3, [r4, #4]
  40115c:	b2c9      	uxtb	r1, r1
  40115e:	4620      	mov	r0, r4
  401160:	4798      	blx	r3
  401162:	bd10      	pop	{r4, pc}
	return ((Usart *)hw)->US_CSR;
  401164:	6959      	ldr	r1, [r3, #20]
	} else if (hri_usart_read_US_CSR_reg(hw) &
  401166:	4a08      	ldr	r2, [pc, #32]	; (401188 <USART0_Handler+0xa4>)
  401168:	4211      	tst	r1, r2
  40116a:	d100      	bne.n	40116e <USART0_Handler+0x8a>
  40116c:	bd10      	pop	{r4, pc}
	((Usart *)hw)->US_CR = data;
  40116e:	f44f 7280 	mov.w	r2, #256	; 0x100
  401172:	601a      	str	r2, [r3, #0]
		device->usart_cb.error_cb(device);
  401174:	68e3      	ldr	r3, [r4, #12]
  401176:	4620      	mov	r0, r4
  401178:	4798      	blx	r3
}
  40117a:	e7f7      	b.n	40116c <USART0_Handler+0x88>
  40117c:	2040268c 	.word	0x2040268c
  401180:	00403214 	.word	0x00403214
  401184:	00400911 	.word	0x00400911
  401188:	010000e0 	.word	0x010000e0

0040118c <uart_tx_cb>:
	}
}

static void uart_tx_cb(const struct usart_async_descriptor *const io_descr)
{
	tx_busy = false;
  40118c:	2200      	movs	r2, #0
  40118e:	4b01      	ldr	r3, [pc, #4]	; (401194 <uart_tx_cb+0x8>)
  401190:	701a      	strb	r2, [r3, #0]
  401192:	4770      	bx	lr
  401194:	20402690 	.word	0x20402690

00401198 <uart_rx_cb>:
{
  401198:	b500      	push	{lr}
  40119a:	b083      	sub	sp, #12
	uint8_t rx_in = 0;
  40119c:	a902      	add	r1, sp, #8
  40119e:	2300      	movs	r3, #0
  4011a0:	f801 3d01 	strb.w	r3, [r1, #-1]!
	io_read(ftdi_io, &rx_in, 1);
  4011a4:	2201      	movs	r2, #1
  4011a6:	4b18      	ldr	r3, [pc, #96]	; (401208 <uart_rx_cb+0x70>)
  4011a8:	6818      	ldr	r0, [r3, #0]
  4011aa:	4b18      	ldr	r3, [pc, #96]	; (40120c <uart_rx_cb+0x74>)
  4011ac:	4798      	blx	r3
	if(process_rx)
  4011ae:	4b18      	ldr	r3, [pc, #96]	; (401210 <uart_rx_cb+0x78>)
  4011b0:	785b      	ldrb	r3, [r3, #1]
  4011b2:	b933      	cbnz	r3, 4011c2 <uart_rx_cb+0x2a>
	if(rx_idx == 0 && rx_in != '*')
  4011b4:	4b16      	ldr	r3, [pc, #88]	; (401210 <uart_rx_cb+0x78>)
  4011b6:	685b      	ldr	r3, [r3, #4]
  4011b8:	b933      	cbnz	r3, 4011c8 <uart_rx_cb+0x30>
  4011ba:	f89d 3007 	ldrb.w	r3, [sp, #7]
  4011be:	2b2a      	cmp	r3, #42	; 0x2a
  4011c0:	d01a      	beq.n	4011f8 <uart_rx_cb+0x60>
}
  4011c2:	b003      	add	sp, #12
  4011c4:	f85d fb04 	ldr.w	pc, [sp], #4
		rx_buf[rx_idx++] = rx_in;
  4011c8:	4b11      	ldr	r3, [pc, #68]	; (401210 <uart_rx_cb+0x78>)
  4011ca:	685a      	ldr	r2, [r3, #4]
  4011cc:	1c51      	adds	r1, r2, #1
  4011ce:	6059      	str	r1, [r3, #4]
  4011d0:	f89d 3007 	ldrb.w	r3, [sp, #7]
  4011d4:	490f      	ldr	r1, [pc, #60]	; (401214 <uart_rx_cb+0x7c>)
  4011d6:	548b      	strb	r3, [r1, r2]
		if(rx_in == '\n')
  4011d8:	2b0a      	cmp	r3, #10
  4011da:	d009      	beq.n	4011f0 <uart_rx_cb+0x58>
		else if(rx_idx >= MAX_RX_BYTES)
  4011dc:	4b0c      	ldr	r3, [pc, #48]	; (401210 <uart_rx_cb+0x78>)
  4011de:	685a      	ldr	r2, [r3, #4]
  4011e0:	f240 430a 	movw	r3, #1034	; 0x40a
  4011e4:	429a      	cmp	r2, r3
  4011e6:	d9ec      	bls.n	4011c2 <uart_rx_cb+0x2a>
			rx_idx = 0;
  4011e8:	2200      	movs	r2, #0
  4011ea:	4b09      	ldr	r3, [pc, #36]	; (401210 <uart_rx_cb+0x78>)
  4011ec:	605a      	str	r2, [r3, #4]
  4011ee:	e7e8      	b.n	4011c2 <uart_rx_cb+0x2a>
			process_rx = true;
  4011f0:	2201      	movs	r2, #1
  4011f2:	4b07      	ldr	r3, [pc, #28]	; (401210 <uart_rx_cb+0x78>)
  4011f4:	705a      	strb	r2, [r3, #1]
  4011f6:	e7e4      	b.n	4011c2 <uart_rx_cb+0x2a>
		rx_buf[rx_idx++] = rx_in;
  4011f8:	4a05      	ldr	r2, [pc, #20]	; (401210 <uart_rx_cb+0x78>)
  4011fa:	6853      	ldr	r3, [r2, #4]
  4011fc:	1c59      	adds	r1, r3, #1
  4011fe:	6051      	str	r1, [r2, #4]
  401200:	212a      	movs	r1, #42	; 0x2a
  401202:	4a04      	ldr	r2, [pc, #16]	; (401214 <uart_rx_cb+0x7c>)
  401204:	54d1      	strb	r1, [r2, r3]
  401206:	e7e9      	b.n	4011dc <uart_rx_cb+0x44>
  401208:	20402914 	.word	0x20402914
  40120c:	0040061d 	.word	0x0040061d
  401210:	20402690 	.word	0x20402690
  401214:	20402930 	.word	0x20402930

00401218 <calculate_flash_crc>:
{
  401218:	b508      	push	{r3, lr}
	uint8_t *flash_start = (uint8_t *)(APP_ADDR_START);
  40121a:	4b05      	ldr	r3, [pc, #20]	; (401230 <calculate_flash_crc+0x18>)
  40121c:	6898      	ldr	r0, [r3, #8]
	uint32_t crc_val = crc_32(flash_start, MAX_PAGE_COUNT*page_size);	
  40121e:	ebc0 01c0 	rsb	r1, r0, r0, lsl #3
	uint8_t *flash_start = (uint8_t *)(APP_ADDR_START);
  401222:	f500 4080 	add.w	r0, r0, #16384	; 0x4000
	uint32_t crc_val = crc_32(flash_start, MAX_PAGE_COUNT*page_size);	
  401226:	0209      	lsls	r1, r1, #8
  401228:	0200      	lsls	r0, r0, #8
  40122a:	4b02      	ldr	r3, [pc, #8]	; (401234 <calculate_flash_crc+0x1c>)
  40122c:	4798      	blx	r3
}
  40122e:	bd08      	pop	{r3, pc}
  401230:	20402690 	.word	0x20402690
  401234:	004001e1 	.word	0x004001e1

00401238 <main>:
{	
  401238:	e92d 4ff0 	stmdb	sp!, {r4, r5, r6, r7, r8, r9, sl, fp, lr}
  40123c:	b083      	sub	sp, #12
	atmel_start_init();
  40123e:	4b9f      	ldr	r3, [pc, #636]	; (4014bc <main+0x284>)
  401240:	4798      	blx	r3
	init_crc32_tab();
  401242:	4b9f      	ldr	r3, [pc, #636]	; (4014c0 <main+0x288>)
  401244:	4798      	blx	r3
	page_size = flash_get_page_size(&FLASH_0);
  401246:	489f      	ldr	r0, [pc, #636]	; (4014c4 <main+0x28c>)
  401248:	4b9f      	ldr	r3, [pc, #636]	; (4014c8 <main+0x290>)
  40124a:	4798      	blx	r3
  40124c:	4c9f      	ldr	r4, [pc, #636]	; (4014cc <main+0x294>)
  40124e:	60a0      	str	r0, [r4, #8]
	rx_idx = 0;
  401250:	2300      	movs	r3, #0
  401252:	6063      	str	r3, [r4, #4]
	uint32_t calculated_crc = calculate_flash_crc();
  401254:	4b9e      	ldr	r3, [pc, #632]	; (4014d0 <main+0x298>)
  401256:	4798      	blx	r3
	uint32_t *stored_crc = (uint32_t *)(FLASH_ADDR_START + (CRC_FLASH_PAGE*page_size));
  401258:	68a3      	ldr	r3, [r4, #8]
	if(calculated_crc == *stored_crc && calculated_crc != 0xFFFFFFFF)
  40125a:	ebc3 1303 	rsb	r3, r3, r3, lsl #4
  40125e:	011b      	lsls	r3, r3, #4
  401260:	f503 0380 	add.w	r3, r3, #4194304	; 0x400000
  401264:	681b      	ldr	r3, [r3, #0]
  401266:	4283      	cmp	r3, r0
  401268:	d11b      	bne.n	4012a2 <main+0x6a>
  40126a:	f1b0 3fff 	cmp.w	r0, #4294967295
  40126e:	d018      	beq.n	4012a2 <main+0x6a>
  __ASM volatile ("dsb 0xF":::"memory");
  401270:	f3bf 8f4f 	dsb	sy
  __ASM volatile ("isb 0xF":::"memory");
  401274:	f3bf 8f6f 	isb	sy
	SCB->VTOR = (uint32_t)(APP_ADDR_START) + SCB_VTOR_TBLOFF_Msk;
  401278:	68a3      	ldr	r3, [r4, #8]
  40127a:	021a      	lsls	r2, r3, #8
  40127c:	4b95      	ldr	r3, [pc, #596]	; (4014d4 <main+0x29c>)
  40127e:	4413      	add	r3, r2
  401280:	4a95      	ldr	r2, [pc, #596]	; (4014d8 <main+0x2a0>)
  401282:	6093      	str	r3, [r2, #8]
  __ASM volatile ("dsb 0xF":::"memory");
  401284:	f3bf 8f4f 	dsb	sy
  __ASM volatile ("isb 0xF":::"memory");
  401288:	f3bf 8f6f 	isb	sy
  __ASM volatile ("cpsie i" : : : "memory");
  40128c:	b662      	cpsie	i
	stack_ptr_val = (uint32_t)(*(uint32_t *)(APP_ADDR_START));
  40128e:	68a3      	ldr	r3, [r4, #8]
  401290:	f503 4380 	add.w	r3, r3, #16384	; 0x4000
  401294:	021b      	lsls	r3, r3, #8
  __ASM volatile ("MSR msp, %0" : : "r" (topOfMainStack) : );
  401296:	681a      	ldr	r2, [r3, #0]
  401298:	f382 8808 	msr	MSP, r2
	(*app_reset_handler)();
  40129c:	685b      	ldr	r3, [r3, #4]
  40129e:	4798      	blx	r3
  4012a0:	e7fe      	b.n	4012a0 <main+0x68>
	usart_async_register_callback(&FTDI_UART, USART_ASYNC_RXC_CB, uart_rx_cb);
  4012a2:	4c8e      	ldr	r4, [pc, #568]	; (4014dc <main+0x2a4>)
  4012a4:	4a8e      	ldr	r2, [pc, #568]	; (4014e0 <main+0x2a8>)
  4012a6:	2100      	movs	r1, #0
  4012a8:	4620      	mov	r0, r4
  4012aa:	4d8e      	ldr	r5, [pc, #568]	; (4014e4 <main+0x2ac>)
  4012ac:	47a8      	blx	r5
	usart_async_register_callback(&FTDI_UART, USART_ASYNC_TXC_CB, uart_tx_cb);
  4012ae:	4a8e      	ldr	r2, [pc, #568]	; (4014e8 <main+0x2b0>)
  4012b0:	2101      	movs	r1, #1
  4012b2:	4620      	mov	r0, r4
  4012b4:	47a8      	blx	r5
	usart_async_get_io_descriptor(&FTDI_UART, &ftdi_io);
  4012b6:	498d      	ldr	r1, [pc, #564]	; (4014ec <main+0x2b4>)
  4012b8:	4620      	mov	r0, r4
  4012ba:	4b8d      	ldr	r3, [pc, #564]	; (4014f0 <main+0x2b8>)
  4012bc:	4798      	blx	r3
	usart_async_enable(&FTDI_UART);
  4012be:	4620      	mov	r0, r4
  4012c0:	4b8c      	ldr	r3, [pc, #560]	; (4014f4 <main+0x2bc>)
  4012c2:	4798      	blx	r3
		if(process_rx)
  4012c4:	4d81      	ldr	r5, [pc, #516]	; (4014cc <main+0x294>)
	memcpy(cmd_string_comp, rx_buf+CMD_IDX, CMD_BYTES);
  4012c6:	4b8c      	ldr	r3, [pc, #560]	; (4014f8 <main+0x2c0>)
  4012c8:	f103 0a01 	add.w	sl, r3, #1
  4012cc:	e049      	b.n	401362 <main+0x12a>
	for(uint32_t i = PARAM_IDX; i < (rx_idx-1); i++)
  4012ce:	686b      	ldr	r3, [r5, #4]
  4012d0:	3b01      	subs	r3, #1
  4012d2:	2b06      	cmp	r3, #6
  4012d4:	d935      	bls.n	401342 <main+0x10a>
  4012d6:	4889      	ldr	r0, [pc, #548]	; (4014fc <main+0x2c4>)
  4012d8:	2106      	movs	r1, #6
  4012da:	e004      	b.n	4012e6 <main+0xae>
  4012dc:	3101      	adds	r1, #1
  4012de:	686b      	ldr	r3, [r5, #4]
  4012e0:	3b01      	subs	r3, #1
  4012e2:	4299      	cmp	r1, r3
  4012e4:	d20c      	bcs.n	401300 <main+0xc8>
		if(!is_char_hex(rx_buf[i]))
  4012e6:	f810 3f01 	ldrb.w	r3, [r0, #1]!
	if(char_in >= '0' && char_in <= '9')
  4012ea:	f1a3 0230 	sub.w	r2, r3, #48	; 0x30
  4012ee:	b2d2      	uxtb	r2, r2
  4012f0:	2a09      	cmp	r2, #9
  4012f2:	d9f3      	bls.n	4012dc <main+0xa4>
	else if(char_in >= 'A' && char_in <= 'F')
  4012f4:	3b41      	subs	r3, #65	; 0x41
		if(!is_char_hex(rx_buf[i]))
  4012f6:	b2db      	uxtb	r3, r3
  4012f8:	2b05      	cmp	r3, #5
  4012fa:	d9ef      	bls.n	4012dc <main+0xa4>
	uint8_t ret_cmd = RX_CMD_NONE;
  4012fc:	2300      	movs	r3, #0
  4012fe:	e061      	b.n	4013c4 <main+0x18c>
			ret_cmd = RX_CMD_WRITE;	
  401300:	2303      	movs	r3, #3
  401302:	e05f      	b.n	4013c4 <main+0x18c>
	for(uint32_t i = PARAM_IDX; i < (rx_idx-1); i++)
  401304:	686b      	ldr	r3, [r5, #4]
  401306:	3b01      	subs	r3, #1
  401308:	2b06      	cmp	r3, #6
  40130a:	d91e      	bls.n	40134a <main+0x112>
  40130c:	487b      	ldr	r0, [pc, #492]	; (4014fc <main+0x2c4>)
  40130e:	2106      	movs	r1, #6
  401310:	e004      	b.n	40131c <main+0xe4>
  401312:	3101      	adds	r1, #1
  401314:	686b      	ldr	r3, [r5, #4]
  401316:	3b01      	subs	r3, #1
  401318:	4299      	cmp	r1, r3
  40131a:	d20c      	bcs.n	401336 <main+0xfe>
		if(!is_char_hex(rx_buf[i]))
  40131c:	f810 3f01 	ldrb.w	r3, [r0, #1]!
	if(char_in >= '0' && char_in <= '9')
  401320:	f1a3 0230 	sub.w	r2, r3, #48	; 0x30
  401324:	b2d2      	uxtb	r2, r2
  401326:	2a09      	cmp	r2, #9
  401328:	d9f3      	bls.n	401312 <main+0xda>
	else if(char_in >= 'A' && char_in <= 'F')
  40132a:	3b41      	subs	r3, #65	; 0x41
		if(!is_char_hex(rx_buf[i]))
  40132c:	b2db      	uxtb	r3, r3
  40132e:	2b05      	cmp	r3, #5
  401330:	d9ef      	bls.n	401312 <main+0xda>
	uint8_t ret_cmd = RX_CMD_NONE;
  401332:	2300      	movs	r3, #0
  401334:	e046      	b.n	4013c4 <main+0x18c>
			ret_cmd = RX_CMD_CHECK;	
  401336:	2304      	movs	r3, #4
  401338:	e044      	b.n	4013c4 <main+0x18c>
		ret_cmd = RX_CMD_PING;
  40133a:	2301      	movs	r3, #1
  40133c:	e042      	b.n	4013c4 <main+0x18c>
		ret_cmd = RX_CMD_ERASE;
  40133e:	2302      	movs	r3, #2
  401340:	e040      	b.n	4013c4 <main+0x18c>
			ret_cmd = RX_CMD_WRITE;	
  401342:	2303      	movs	r3, #3
  401344:	e03e      	b.n	4013c4 <main+0x18c>
	uint8_t ret_cmd = RX_CMD_NONE;
  401346:	2300      	movs	r3, #0
  401348:	e03c      	b.n	4013c4 <main+0x18c>
			ret_cmd = RX_CMD_CHECK;	
  40134a:	2304      	movs	r3, #4
  40134c:	e03a      	b.n	4013c4 <main+0x18c>
			io_write(ftdi_io, ping_respn, RESPONSE_LENGTH);
  40134e:	220f      	movs	r2, #15
  401350:	4b6b      	ldr	r3, [pc, #428]	; (401500 <main+0x2c8>)
  401352:	6919      	ldr	r1, [r3, #16]
  401354:	4b65      	ldr	r3, [pc, #404]	; (4014ec <main+0x2b4>)
  401356:	6818      	ldr	r0, [r3, #0]
  401358:	4b6a      	ldr	r3, [pc, #424]	; (401504 <main+0x2cc>)
  40135a:	4798      	blx	r3
			rx_idx = 0;
  40135c:	2300      	movs	r3, #0
  40135e:	606b      	str	r3, [r5, #4]
			process_rx = false;
  401360:	706b      	strb	r3, [r5, #1]
		if(process_rx)
  401362:	786b      	ldrb	r3, [r5, #1]
  401364:	2b00      	cmp	r3, #0
  401366:	d0fc      	beq.n	401362 <main+0x12a>
	memcpy(cmd_string_comp, rx_buf+CMD_IDX, CMD_BYTES);
  401368:	4867      	ldr	r0, [pc, #412]	; (401508 <main+0x2d0>)
  40136a:	f8da 3000 	ldr.w	r3, [sl]
  40136e:	6003      	str	r3, [r0, #0]
  401370:	f89a 3004 	ldrb.w	r3, [sl, #4]
  401374:	7103      	strb	r3, [r0, #4]
	if(strcmp(cmd_string_comp, ping_str) == 0 && rx_idx == MIN_RX_BYTES)
  401376:	4b62      	ldr	r3, [pc, #392]	; (401500 <main+0x2c8>)
  401378:	6819      	ldr	r1, [r3, #0]
  40137a:	4b64      	ldr	r3, [pc, #400]	; (40150c <main+0x2d4>)
  40137c:	4798      	blx	r3
  40137e:	b910      	cbnz	r0, 401386 <main+0x14e>
  401380:	686b      	ldr	r3, [r5, #4]
  401382:	2b07      	cmp	r3, #7
  401384:	d0d9      	beq.n	40133a <main+0x102>
	else if(strcmp(cmd_string_comp, erase_str) == 0 && rx_idx == MIN_RX_BYTES)
  401386:	4b5e      	ldr	r3, [pc, #376]	; (401500 <main+0x2c8>)
  401388:	6859      	ldr	r1, [r3, #4]
  40138a:	485f      	ldr	r0, [pc, #380]	; (401508 <main+0x2d0>)
  40138c:	4b5f      	ldr	r3, [pc, #380]	; (40150c <main+0x2d4>)
  40138e:	4798      	blx	r3
  401390:	b910      	cbnz	r0, 401398 <main+0x160>
  401392:	686b      	ldr	r3, [r5, #4]
  401394:	2b07      	cmp	r3, #7
  401396:	d0d2      	beq.n	40133e <main+0x106>
	else if(strcmp(cmd_string_comp, write_str) == 0 && rx_idx == MAX_RX_BYTES)
  401398:	4b59      	ldr	r3, [pc, #356]	; (401500 <main+0x2c8>)
  40139a:	6899      	ldr	r1, [r3, #8]
  40139c:	485a      	ldr	r0, [pc, #360]	; (401508 <main+0x2d0>)
  40139e:	4b5b      	ldr	r3, [pc, #364]	; (40150c <main+0x2d4>)
  4013a0:	4798      	blx	r3
  4013a2:	b920      	cbnz	r0, 4013ae <main+0x176>
  4013a4:	686a      	ldr	r2, [r5, #4]
  4013a6:	f240 430b 	movw	r3, #1035	; 0x40b
  4013aa:	429a      	cmp	r2, r3
  4013ac:	d08f      	beq.n	4012ce <main+0x96>
	else if(strcmp(cmd_string_comp, check_str) == 0 && rx_idx == (MIN_RX_BYTES+CRC_BYTE_CNT))
  4013ae:	4b54      	ldr	r3, [pc, #336]	; (401500 <main+0x2c8>)
  4013b0:	68d9      	ldr	r1, [r3, #12]
  4013b2:	4855      	ldr	r0, [pc, #340]	; (401508 <main+0x2d0>)
  4013b4:	4b55      	ldr	r3, [pc, #340]	; (40150c <main+0x2d4>)
  4013b6:	4798      	blx	r3
  4013b8:	2800      	cmp	r0, #0
  4013ba:	d1c4      	bne.n	401346 <main+0x10e>
  4013bc:	686b      	ldr	r3, [r5, #4]
  4013be:	2b0f      	cmp	r3, #15
  4013c0:	d0a0      	beq.n	401304 <main+0xcc>
	uint8_t ret_cmd = RX_CMD_NONE;
  4013c2:	2300      	movs	r3, #0
			rx_cmd = get_rx_cmd();
  4013c4:	732b      	strb	r3, [r5, #12]
			process_cmd(rx_cmd);
  4013c6:	7b2b      	ldrb	r3, [r5, #12]
  4013c8:	b2db      	uxtb	r3, r3
	if(tx_busy)
  4013ca:	782a      	ldrb	r2, [r5, #0]
  4013cc:	2a00      	cmp	r2, #0
  4013ce:	d1c5      	bne.n	40135c <main+0x124>
	switch(cmd)
  4013d0:	3b01      	subs	r3, #1
  4013d2:	2b03      	cmp	r3, #3
  4013d4:	d8c2      	bhi.n	40135c <main+0x124>
  4013d6:	a201      	add	r2, pc, #4	; (adr r2, 4013dc <main+0x1a4>)
  4013d8:	f852 f023 	ldr.w	pc, [r2, r3, lsl #2]
  4013dc:	0040134f 	.word	0x0040134f
  4013e0:	004013ed 	.word	0x004013ed
  4013e4:	0040140f 	.word	0x0040140f
  4013e8:	00401477 	.word	0x00401477
			flash_erase(&FLASH_0, CRC_FLASH_PAGE*page_size, MAX_PAGE_COUNT);
  4013ec:	68a9      	ldr	r1, [r5, #8]
  4013ee:	ebc1 1101 	rsb	r1, r1, r1, lsl #4
  4013f2:	f44f 62e0 	mov.w	r2, #1792	; 0x700
  4013f6:	0109      	lsls	r1, r1, #4
  4013f8:	4832      	ldr	r0, [pc, #200]	; (4014c4 <main+0x28c>)
  4013fa:	4b45      	ldr	r3, [pc, #276]	; (401510 <main+0x2d8>)
  4013fc:	4798      	blx	r3
			io_write(ftdi_io, erase_done, RESPONSE_LENGTH);
  4013fe:	220f      	movs	r2, #15
  401400:	4b3f      	ldr	r3, [pc, #252]	; (401500 <main+0x2c8>)
  401402:	6959      	ldr	r1, [r3, #20]
  401404:	4b39      	ldr	r3, [pc, #228]	; (4014ec <main+0x2b4>)
  401406:	6818      	ldr	r0, [r3, #0]
  401408:	4b3e      	ldr	r3, [pc, #248]	; (401504 <main+0x2cc>)
  40140a:	4798      	blx	r3
  40140c:	e7a6      	b.n	40135c <main+0x124>
			memcpy(string_page_num, rx_buf+PARAM_IDX, 4);
  40140e:	4b3a      	ldr	r3, [pc, #232]	; (4014f8 <main+0x2c0>)
  401410:	f8d3 3006 	ldr.w	r3, [r3, #6]
  401414:	483f      	ldr	r0, [pc, #252]	; (401514 <main+0x2dc>)
  401416:	6003      	str	r3, [r0, #0]
			int page_num = strtol(string_page_num, NULL, 16);
  401418:	2210      	movs	r2, #16
  40141a:	2100      	movs	r1, #0
  40141c:	4b3e      	ldr	r3, [pc, #248]	; (401518 <main+0x2e0>)
  40141e:	4798      	blx	r3
  401420:	4683      	mov	fp, r0
			for(int i = 0; i < page_size; i++)
  401422:	68a9      	ldr	r1, [r5, #8]
  401424:	b199      	cbz	r1, 40144e <main+0x216>
  401426:	f8df 8110 	ldr.w	r8, [pc, #272]	; 401538 <main+0x300>
  40142a:	4f3c      	ldr	r7, [pc, #240]	; (40151c <main+0x2e4>)
  40142c:	2400      	movs	r4, #0
				memcpy(string_byte, rx_buf+DATA_IDX+(2*i),2);
  40142e:	4e3c      	ldr	r6, [pc, #240]	; (401520 <main+0x2e8>)
				byte_val = strtol(string_byte, NULL, 16);
  401430:	f8df 90e4 	ldr.w	r9, [pc, #228]	; 401518 <main+0x2e0>
				memcpy(string_byte, rx_buf+DATA_IDX+(2*i),2);
  401434:	f838 3b02 	ldrh.w	r3, [r8], #2
  401438:	8033      	strh	r3, [r6, #0]
				byte_val = strtol(string_byte, NULL, 16);
  40143a:	2210      	movs	r2, #16
  40143c:	2100      	movs	r1, #0
  40143e:	4630      	mov	r0, r6
  401440:	47c8      	blx	r9
				program_array[i] = (uint8_t)byte_val;
  401442:	f807 0f01 	strb.w	r0, [r7, #1]!
			for(int i = 0; i < page_size; i++)
  401446:	3401      	adds	r4, #1
  401448:	68a9      	ldr	r1, [r5, #8]
  40144a:	428c      	cmp	r4, r1
  40144c:	d3f2      	bcc.n	401434 <main+0x1fc>
			if(page_num < MAX_PAGE_COUNT)
  40144e:	f5bb 6fe0 	cmp.w	fp, #1792	; 0x700
  401452:	da83      	bge.n	40135c <main+0x124>
				flash_write(&FLASH_0, ((page_num+PROGRAM_START_PAGE)*page_size), program_array, page_size);
  401454:	f50b 7b80 	add.w	fp, fp, #256	; 0x100
  401458:	460b      	mov	r3, r1
  40145a:	4a32      	ldr	r2, [pc, #200]	; (401524 <main+0x2ec>)
  40145c:	fb01 f10b 	mul.w	r1, r1, fp
  401460:	4818      	ldr	r0, [pc, #96]	; (4014c4 <main+0x28c>)
  401462:	4c31      	ldr	r4, [pc, #196]	; (401528 <main+0x2f0>)
  401464:	47a0      	blx	r4
				io_write(ftdi_io, write_done, RESPONSE_LENGTH);	
  401466:	220f      	movs	r2, #15
  401468:	4b25      	ldr	r3, [pc, #148]	; (401500 <main+0x2c8>)
  40146a:	6999      	ldr	r1, [r3, #24]
  40146c:	4b1f      	ldr	r3, [pc, #124]	; (4014ec <main+0x2b4>)
  40146e:	6818      	ldr	r0, [r3, #0]
  401470:	4b24      	ldr	r3, [pc, #144]	; (401504 <main+0x2cc>)
  401472:	4798      	blx	r3
  401474:	e772      	b.n	40135c <main+0x124>
			memcpy(string_checksum, rx_buf+PARAM_IDX, 8);
  401476:	482d      	ldr	r0, [pc, #180]	; (40152c <main+0x2f4>)
  401478:	4b2d      	ldr	r3, [pc, #180]	; (401530 <main+0x2f8>)
  40147a:	681a      	ldr	r2, [r3, #0]
  40147c:	685b      	ldr	r3, [r3, #4]
  40147e:	6002      	str	r2, [r0, #0]
  401480:	6043      	str	r3, [r0, #4]
			uint32_t reported_crc = strtoul(string_checksum, NULL, 16);
  401482:	2210      	movs	r2, #16
  401484:	2100      	movs	r1, #0
  401486:	4b2b      	ldr	r3, [pc, #172]	; (401534 <main+0x2fc>)
  401488:	4798      	blx	r3
  40148a:	9001      	str	r0, [sp, #4]
			uint32_t calculated_crc = calculate_flash_crc();
  40148c:	4b10      	ldr	r3, [pc, #64]	; (4014d0 <main+0x298>)
  40148e:	4798      	blx	r3
			if(reported_crc == calculated_crc)
  401490:	9b01      	ldr	r3, [sp, #4]
  401492:	4298      	cmp	r0, r3
  401494:	f47f af62 	bne.w	40135c <main+0x124>
				flash_write(&FLASH_0, (CRC_FLASH_PAGE*page_size), (uint8_t *)&reported_crc, 4);
  401498:	68a9      	ldr	r1, [r5, #8]
  40149a:	ebc1 1101 	rsb	r1, r1, r1, lsl #4
  40149e:	2304      	movs	r3, #4
  4014a0:	eb0d 0203 	add.w	r2, sp, r3
  4014a4:	4099      	lsls	r1, r3
  4014a6:	4807      	ldr	r0, [pc, #28]	; (4014c4 <main+0x28c>)
  4014a8:	4c1f      	ldr	r4, [pc, #124]	; (401528 <main+0x2f0>)
  4014aa:	47a0      	blx	r4
				io_write(ftdi_io, check_done, RESPONSE_LENGTH);
  4014ac:	220f      	movs	r2, #15
  4014ae:	4b14      	ldr	r3, [pc, #80]	; (401500 <main+0x2c8>)
  4014b0:	69d9      	ldr	r1, [r3, #28]
  4014b2:	4b0e      	ldr	r3, [pc, #56]	; (4014ec <main+0x2b4>)
  4014b4:	6818      	ldr	r0, [r3, #0]
  4014b6:	4b13      	ldr	r3, [pc, #76]	; (401504 <main+0x2cc>)
  4014b8:	4798      	blx	r3
  4014ba:	e74f      	b.n	40135c <main+0x124>
  4014bc:	004001d5 	.word	0x004001d5
  4014c0:	00400221 	.word	0x00400221
  4014c4:	204026f8 	.word	0x204026f8
  4014c8:	004005c5 	.word	0x004005c5
  4014cc:	20402690 	.word	0x20402690
  4014d0:	00401219 	.word	0x00401219
  4014d4:	003fff80 	.word	0x003fff80
  4014d8:	e000ed00 	.word	0xe000ed00
  4014dc:	204026a8 	.word	0x204026a8
  4014e0:	00401199 	.word	0x00401199
  4014e4:	0040089d 	.word	0x0040089d
  4014e8:	0040118d 	.word	0x0040118d
  4014ec:	20402914 	.word	0x20402914
  4014f0:	00400875 	.word	0x00400875
  4014f4:	00400849 	.word	0x00400849
  4014f8:	20402930 	.word	0x20402930
  4014fc:	20402935 	.word	0x20402935
  401500:	20400068 	.word	0x20400068
  401504:	004005ed 	.word	0x004005ed
  401508:	20402918 	.word	0x20402918
  40150c:	00401c05 	.word	0x00401c05
  401510:	00400549 	.word	0x00400549
  401514:	20402d3c 	.word	0x20402d3c
  401518:	00401d29 	.word	0x00401d29
  40151c:	20402713 	.word	0x20402713
  401520:	2040292c 	.word	0x2040292c
  401524:	20402714 	.word	0x20402714
  401528:	004004b5 	.word	0x004004b5
  40152c:	20402920 	.word	0x20402920
  401530:	20402936 	.word	0x20402936
  401534:	00401e51 	.word	0x00401e51
  401538:	2040293a 	.word	0x2040293a

0040153c <__libc_init_array>:
  40153c:	b570      	push	{r4, r5, r6, lr}
  40153e:	4e0d      	ldr	r6, [pc, #52]	; (401574 <__libc_init_array+0x38>)
  401540:	4c0d      	ldr	r4, [pc, #52]	; (401578 <__libc_init_array+0x3c>)
  401542:	1ba4      	subs	r4, r4, r6
  401544:	10a4      	asrs	r4, r4, #2
  401546:	2500      	movs	r5, #0
  401548:	42a5      	cmp	r5, r4
  40154a:	d109      	bne.n	401560 <__libc_init_array+0x24>
  40154c:	4e0b      	ldr	r6, [pc, #44]	; (40157c <__libc_init_array+0x40>)
  40154e:	4c0c      	ldr	r4, [pc, #48]	; (401580 <__libc_init_array+0x44>)
  401550:	f001 ffe6 	bl	403520 <_init>
  401554:	1ba4      	subs	r4, r4, r6
  401556:	10a4      	asrs	r4, r4, #2
  401558:	2500      	movs	r5, #0
  40155a:	42a5      	cmp	r5, r4
  40155c:	d105      	bne.n	40156a <__libc_init_array+0x2e>
  40155e:	bd70      	pop	{r4, r5, r6, pc}
  401560:	f856 3025 	ldr.w	r3, [r6, r5, lsl #2]
  401564:	4798      	blx	r3
  401566:	3501      	adds	r5, #1
  401568:	e7ee      	b.n	401548 <__libc_init_array+0xc>
  40156a:	f856 3025 	ldr.w	r3, [r6, r5, lsl #2]
  40156e:	4798      	blx	r3
  401570:	3501      	adds	r5, #1
  401572:	e7f2      	b.n	40155a <__libc_init_array+0x1e>
  401574:	0040352c 	.word	0x0040352c
  401578:	0040352c 	.word	0x0040352c
  40157c:	0040352c 	.word	0x0040352c
  401580:	00403530 	.word	0x00403530

00401584 <memcpy>:
  401584:	b510      	push	{r4, lr}
  401586:	1e43      	subs	r3, r0, #1
  401588:	440a      	add	r2, r1
  40158a:	4291      	cmp	r1, r2
  40158c:	d100      	bne.n	401590 <memcpy+0xc>
  40158e:	bd10      	pop	{r4, pc}
  401590:	f811 4b01 	ldrb.w	r4, [r1], #1
  401594:	f803 4f01 	strb.w	r4, [r3, #1]!
  401598:	e7f7      	b.n	40158a <memcpy+0x6>

0040159a <memset>:
  40159a:	4402      	add	r2, r0
  40159c:	4603      	mov	r3, r0
  40159e:	4293      	cmp	r3, r2
  4015a0:	d100      	bne.n	4015a4 <memset+0xa>
  4015a2:	4770      	bx	lr
  4015a4:	f803 1b01 	strb.w	r1, [r3], #1
  4015a8:	e7f9      	b.n	40159e <memset+0x4>

004015aa <__cvt>:
  4015aa:	b5f0      	push	{r4, r5, r6, r7, lr}
  4015ac:	ed2d 8b02 	vpush	{d8}
  4015b0:	eeb0 8b40 	vmov.f64	d8, d0
  4015b4:	b085      	sub	sp, #20
  4015b6:	4617      	mov	r7, r2
  4015b8:	9d0d      	ldr	r5, [sp, #52]	; 0x34
  4015ba:	9e0c      	ldr	r6, [sp, #48]	; 0x30
  4015bc:	ee18 2a90 	vmov	r2, s17
  4015c0:	f025 0520 	bic.w	r5, r5, #32
  4015c4:	2a00      	cmp	r2, #0
  4015c6:	bfb6      	itet	lt
  4015c8:	222d      	movlt	r2, #45	; 0x2d
  4015ca:	2200      	movge	r2, #0
  4015cc:	eeb1 8b40 	vneglt.f64	d8, d0
  4015d0:	2d46      	cmp	r5, #70	; 0x46
  4015d2:	460c      	mov	r4, r1
  4015d4:	701a      	strb	r2, [r3, #0]
  4015d6:	d004      	beq.n	4015e2 <__cvt+0x38>
  4015d8:	2d45      	cmp	r5, #69	; 0x45
  4015da:	d100      	bne.n	4015de <__cvt+0x34>
  4015dc:	3401      	adds	r4, #1
  4015de:	2102      	movs	r1, #2
  4015e0:	e000      	b.n	4015e4 <__cvt+0x3a>
  4015e2:	2103      	movs	r1, #3
  4015e4:	ab03      	add	r3, sp, #12
  4015e6:	9301      	str	r3, [sp, #4]
  4015e8:	ab02      	add	r3, sp, #8
  4015ea:	9300      	str	r3, [sp, #0]
  4015ec:	4622      	mov	r2, r4
  4015ee:	4633      	mov	r3, r6
  4015f0:	eeb0 0b48 	vmov.f64	d0, d8
  4015f4:	f000 fcd0 	bl	401f98 <_dtoa_r>
  4015f8:	2d47      	cmp	r5, #71	; 0x47
  4015fa:	d101      	bne.n	401600 <__cvt+0x56>
  4015fc:	07fb      	lsls	r3, r7, #31
  4015fe:	d516      	bpl.n	40162e <__cvt+0x84>
  401600:	2d46      	cmp	r5, #70	; 0x46
  401602:	eb00 0304 	add.w	r3, r0, r4
  401606:	d10c      	bne.n	401622 <__cvt+0x78>
  401608:	7802      	ldrb	r2, [r0, #0]
  40160a:	2a30      	cmp	r2, #48	; 0x30
  40160c:	d107      	bne.n	40161e <__cvt+0x74>
  40160e:	eeb5 8b40 	vcmp.f64	d8, #0.0
  401612:	eef1 fa10 	vmrs	APSR_nzcv, fpscr
  401616:	bf1c      	itt	ne
  401618:	f1c4 0401 	rsbne	r4, r4, #1
  40161c:	6034      	strne	r4, [r6, #0]
  40161e:	6832      	ldr	r2, [r6, #0]
  401620:	4413      	add	r3, r2
  401622:	eeb5 8b40 	vcmp.f64	d8, #0.0
  401626:	eef1 fa10 	vmrs	APSR_nzcv, fpscr
  40162a:	d10f      	bne.n	40164c <__cvt+0xa2>
  40162c:	9303      	str	r3, [sp, #12]
  40162e:	9b03      	ldr	r3, [sp, #12]
  401630:	9a0e      	ldr	r2, [sp, #56]	; 0x38
  401632:	1a1b      	subs	r3, r3, r0
  401634:	6013      	str	r3, [r2, #0]
  401636:	b005      	add	sp, #20
  401638:	ecbd 8b02 	vpop	{d8}
  40163c:	bdf0      	pop	{r4, r5, r6, r7, pc}
  40163e:	1c54      	adds	r4, r2, #1
  401640:	9403      	str	r4, [sp, #12]
  401642:	7011      	strb	r1, [r2, #0]
  401644:	9a03      	ldr	r2, [sp, #12]
  401646:	4293      	cmp	r3, r2
  401648:	d8f9      	bhi.n	40163e <__cvt+0x94>
  40164a:	e7f0      	b.n	40162e <__cvt+0x84>
  40164c:	2130      	movs	r1, #48	; 0x30
  40164e:	e7f9      	b.n	401644 <__cvt+0x9a>

00401650 <__exponent>:
  401650:	b5f7      	push	{r0, r1, r2, r4, r5, r6, r7, lr}
  401652:	4603      	mov	r3, r0
  401654:	2900      	cmp	r1, #0
  401656:	bfb8      	it	lt
  401658:	4249      	neglt	r1, r1
  40165a:	f803 2b02 	strb.w	r2, [r3], #2
  40165e:	bfb4      	ite	lt
  401660:	222d      	movlt	r2, #45	; 0x2d
  401662:	222b      	movge	r2, #43	; 0x2b
  401664:	2909      	cmp	r1, #9
  401666:	7042      	strb	r2, [r0, #1]
  401668:	dd20      	ble.n	4016ac <__exponent+0x5c>
  40166a:	f10d 0207 	add.w	r2, sp, #7
  40166e:	4617      	mov	r7, r2
  401670:	260a      	movs	r6, #10
  401672:	fb91 f5f6 	sdiv	r5, r1, r6
  401676:	fb06 1115 	mls	r1, r6, r5, r1
  40167a:	3130      	adds	r1, #48	; 0x30
  40167c:	2d09      	cmp	r5, #9
  40167e:	f802 1c01 	strb.w	r1, [r2, #-1]
  401682:	f102 34ff 	add.w	r4, r2, #4294967295
  401686:	4629      	mov	r1, r5
  401688:	dc09      	bgt.n	40169e <__exponent+0x4e>
  40168a:	3130      	adds	r1, #48	; 0x30
  40168c:	3a02      	subs	r2, #2
  40168e:	f804 1c01 	strb.w	r1, [r4, #-1]
  401692:	42ba      	cmp	r2, r7
  401694:	461c      	mov	r4, r3
  401696:	d304      	bcc.n	4016a2 <__exponent+0x52>
  401698:	1a20      	subs	r0, r4, r0
  40169a:	b003      	add	sp, #12
  40169c:	bdf0      	pop	{r4, r5, r6, r7, pc}
  40169e:	4622      	mov	r2, r4
  4016a0:	e7e7      	b.n	401672 <__exponent+0x22>
  4016a2:	f812 1b01 	ldrb.w	r1, [r2], #1
  4016a6:	f803 1b01 	strb.w	r1, [r3], #1
  4016aa:	e7f2      	b.n	401692 <__exponent+0x42>
  4016ac:	2230      	movs	r2, #48	; 0x30
  4016ae:	461c      	mov	r4, r3
  4016b0:	4411      	add	r1, r2
  4016b2:	f804 2b02 	strb.w	r2, [r4], #2
  4016b6:	7059      	strb	r1, [r3, #1]
  4016b8:	e7ee      	b.n	401698 <__exponent+0x48>
  4016ba:	0000      	movs	r0, r0
  4016bc:	0000      	movs	r0, r0
	...

004016c0 <_printf_float>:
  4016c0:	e92d 4ff0 	stmdb	sp!, {r4, r5, r6, r7, r8, r9, sl, fp, lr}
  4016c4:	b08d      	sub	sp, #52	; 0x34
  4016c6:	460c      	mov	r4, r1
  4016c8:	4616      	mov	r6, r2
  4016ca:	461f      	mov	r7, r3
  4016cc:	f8dd 8058 	ldr.w	r8, [sp, #88]	; 0x58
  4016d0:	4605      	mov	r5, r0
  4016d2:	f001 f9d1 	bl	402a78 <_localeconv_r>
  4016d6:	f8d0 b000 	ldr.w	fp, [r0]
  4016da:	4658      	mov	r0, fp
  4016dc:	f000 fa9c 	bl	401c18 <strlen>
  4016e0:	2300      	movs	r3, #0
  4016e2:	930a      	str	r3, [sp, #40]	; 0x28
  4016e4:	f8d8 3000 	ldr.w	r3, [r8]
  4016e8:	9005      	str	r0, [sp, #20]
  4016ea:	3307      	adds	r3, #7
  4016ec:	f023 0307 	bic.w	r3, r3, #7
  4016f0:	f103 0108 	add.w	r1, r3, #8
  4016f4:	f894 9018 	ldrb.w	r9, [r4, #24]
  4016f8:	6822      	ldr	r2, [r4, #0]
  4016fa:	f8c8 1000 	str.w	r1, [r8]
  4016fe:	e9d3 0100 	ldrd	r0, r1, [r3]
  401702:	e9c4 0112 	strd	r0, r1, [r4, #72]	; 0x48
  401706:	ed9f 7ba0 	vldr	d7, [pc, #640]	; 401988 <_printf_float+0x2c8>
  40170a:	ed94 0b12 	vldr	d0, [r4, #72]	; 0x48
  40170e:	eeb0 6bc0 	vabs.f64	d6, d0
  401712:	eeb4 6b47 	vcmp.f64	d6, d7
  401716:	eef1 fa10 	vmrs	APSR_nzcv, fpscr
  40171a:	f340 81ef 	ble.w	401afc <_printf_float+0x43c>
  40171e:	eeb5 0bc0 	vcmpe.f64	d0, #0.0
  401722:	eef1 fa10 	vmrs	APSR_nzcv, fpscr
  401726:	d502      	bpl.n	40172e <_printf_float+0x6e>
  401728:	232d      	movs	r3, #45	; 0x2d
  40172a:	f884 3043 	strb.w	r3, [r4, #67]	; 0x43
  40172e:	4b98      	ldr	r3, [pc, #608]	; (401990 <_printf_float+0x2d0>)
  401730:	4998      	ldr	r1, [pc, #608]	; (401994 <_printf_float+0x2d4>)
  401732:	f1b9 0f47 	cmp.w	r9, #71	; 0x47
  401736:	bf8c      	ite	hi
  401738:	4688      	movhi	r8, r1
  40173a:	4698      	movls	r8, r3
  40173c:	f022 0204 	bic.w	r2, r2, #4
  401740:	2303      	movs	r3, #3
  401742:	6123      	str	r3, [r4, #16]
  401744:	6022      	str	r2, [r4, #0]
  401746:	f04f 0a00 	mov.w	sl, #0
  40174a:	9700      	str	r7, [sp, #0]
  40174c:	4633      	mov	r3, r6
  40174e:	aa0b      	add	r2, sp, #44	; 0x2c
  401750:	4621      	mov	r1, r4
  401752:	4628      	mov	r0, r5
  401754:	f000 f9e0 	bl	401b18 <_printf_common>
  401758:	3001      	adds	r0, #1
  40175a:	f040 8090 	bne.w	40187e <_printf_float+0x1be>
  40175e:	f04f 30ff 	mov.w	r0, #4294967295
  401762:	b00d      	add	sp, #52	; 0x34
  401764:	e8bd 8ff0 	ldmia.w	sp!, {r4, r5, r6, r7, r8, r9, sl, fp, pc}
  401768:	6861      	ldr	r1, [r4, #4]
  40176a:	1c4b      	adds	r3, r1, #1
  40176c:	f442 6280 	orr.w	r2, r2, #1024	; 0x400
  401770:	a80a      	add	r0, sp, #40	; 0x28
  401772:	f10d 0e24 	add.w	lr, sp, #36	; 0x24
  401776:	d13c      	bne.n	4017f2 <_printf_float+0x132>
  401778:	2306      	movs	r3, #6
  40177a:	6063      	str	r3, [r4, #4]
  40177c:	2300      	movs	r3, #0
  40177e:	9303      	str	r3, [sp, #12]
  401780:	9002      	str	r0, [sp, #8]
  401782:	f10d 0323 	add.w	r3, sp, #35	; 0x23
  401786:	6022      	str	r2, [r4, #0]
  401788:	f8cd 9004 	str.w	r9, [sp, #4]
  40178c:	f8cd e000 	str.w	lr, [sp]
  401790:	6861      	ldr	r1, [r4, #4]
  401792:	4628      	mov	r0, r5
  401794:	f7ff ff09 	bl	4015aa <__cvt>
  401798:	f009 03df 	and.w	r3, r9, #223	; 0xdf
  40179c:	2b47      	cmp	r3, #71	; 0x47
  40179e:	4680      	mov	r8, r0
  4017a0:	d109      	bne.n	4017b6 <_printf_float+0xf6>
  4017a2:	9b09      	ldr	r3, [sp, #36]	; 0x24
  4017a4:	1cd8      	adds	r0, r3, #3
  4017a6:	db02      	blt.n	4017ae <_printf_float+0xee>
  4017a8:	6862      	ldr	r2, [r4, #4]
  4017aa:	4293      	cmp	r3, r2
  4017ac:	dd54      	ble.n	401858 <_printf_float+0x198>
  4017ae:	f1a9 0902 	sub.w	r9, r9, #2
  4017b2:	fa5f f989 	uxtb.w	r9, r9
  4017b6:	f1b9 0f65 	cmp.w	r9, #101	; 0x65
  4017ba:	9909      	ldr	r1, [sp, #36]	; 0x24
  4017bc:	d831      	bhi.n	401822 <_printf_float+0x162>
  4017be:	3901      	subs	r1, #1
  4017c0:	464a      	mov	r2, r9
  4017c2:	f104 0050 	add.w	r0, r4, #80	; 0x50
  4017c6:	9109      	str	r1, [sp, #36]	; 0x24
  4017c8:	f7ff ff42 	bl	401650 <__exponent>
  4017cc:	9a0a      	ldr	r2, [sp, #40]	; 0x28
  4017ce:	1883      	adds	r3, r0, r2
  4017d0:	2a01      	cmp	r2, #1
  4017d2:	4682      	mov	sl, r0
  4017d4:	6123      	str	r3, [r4, #16]
  4017d6:	dc02      	bgt.n	4017de <_printf_float+0x11e>
  4017d8:	6822      	ldr	r2, [r4, #0]
  4017da:	07d1      	lsls	r1, r2, #31
  4017dc:	d501      	bpl.n	4017e2 <_printf_float+0x122>
  4017de:	3301      	adds	r3, #1
  4017e0:	6123      	str	r3, [r4, #16]
  4017e2:	f89d 3023 	ldrb.w	r3, [sp, #35]	; 0x23
  4017e6:	2b00      	cmp	r3, #0
  4017e8:	d0af      	beq.n	40174a <_printf_float+0x8a>
  4017ea:	232d      	movs	r3, #45	; 0x2d
  4017ec:	f884 3043 	strb.w	r3, [r4, #67]	; 0x43
  4017f0:	e7ab      	b.n	40174a <_printf_float+0x8a>
  4017f2:	f1b9 0f67 	cmp.w	r9, #103	; 0x67
  4017f6:	d002      	beq.n	4017fe <_printf_float+0x13e>
  4017f8:	f1b9 0f47 	cmp.w	r9, #71	; 0x47
  4017fc:	d1be      	bne.n	40177c <_printf_float+0xbc>
  4017fe:	b171      	cbz	r1, 40181e <_printf_float+0x15e>
  401800:	2300      	movs	r3, #0
  401802:	9303      	str	r3, [sp, #12]
  401804:	9002      	str	r0, [sp, #8]
  401806:	6022      	str	r2, [r4, #0]
  401808:	f8cd 9004 	str.w	r9, [sp, #4]
  40180c:	f8cd e000 	str.w	lr, [sp]
  401810:	f10d 0323 	add.w	r3, sp, #35	; 0x23
  401814:	4628      	mov	r0, r5
  401816:	f7ff fec8 	bl	4015aa <__cvt>
  40181a:	4680      	mov	r8, r0
  40181c:	e7c1      	b.n	4017a2 <_printf_float+0xe2>
  40181e:	2301      	movs	r3, #1
  401820:	e7ab      	b.n	40177a <_printf_float+0xba>
  401822:	f1b9 0f66 	cmp.w	r9, #102	; 0x66
  401826:	d119      	bne.n	40185c <_printf_float+0x19c>
  401828:	2900      	cmp	r1, #0
  40182a:	6863      	ldr	r3, [r4, #4]
  40182c:	dd0c      	ble.n	401848 <_printf_float+0x188>
  40182e:	6121      	str	r1, [r4, #16]
  401830:	b913      	cbnz	r3, 401838 <_printf_float+0x178>
  401832:	6822      	ldr	r2, [r4, #0]
  401834:	07d2      	lsls	r2, r2, #31
  401836:	d502      	bpl.n	40183e <_printf_float+0x17e>
  401838:	3301      	adds	r3, #1
  40183a:	440b      	add	r3, r1
  40183c:	6123      	str	r3, [r4, #16]
  40183e:	9b09      	ldr	r3, [sp, #36]	; 0x24
  401840:	65a3      	str	r3, [r4, #88]	; 0x58
  401842:	f04f 0a00 	mov.w	sl, #0
  401846:	e7cc      	b.n	4017e2 <_printf_float+0x122>
  401848:	b913      	cbnz	r3, 401850 <_printf_float+0x190>
  40184a:	6822      	ldr	r2, [r4, #0]
  40184c:	07d0      	lsls	r0, r2, #31
  40184e:	d501      	bpl.n	401854 <_printf_float+0x194>
  401850:	3302      	adds	r3, #2
  401852:	e7f3      	b.n	40183c <_printf_float+0x17c>
  401854:	2301      	movs	r3, #1
  401856:	e7f1      	b.n	40183c <_printf_float+0x17c>
  401858:	f04f 0967 	mov.w	r9, #103	; 0x67
  40185c:	9b09      	ldr	r3, [sp, #36]	; 0x24
  40185e:	9a0a      	ldr	r2, [sp, #40]	; 0x28
  401860:	4293      	cmp	r3, r2
  401862:	db05      	blt.n	401870 <_printf_float+0x1b0>
  401864:	6822      	ldr	r2, [r4, #0]
  401866:	6123      	str	r3, [r4, #16]
  401868:	07d1      	lsls	r1, r2, #31
  40186a:	d5e8      	bpl.n	40183e <_printf_float+0x17e>
  40186c:	3301      	adds	r3, #1
  40186e:	e7e5      	b.n	40183c <_printf_float+0x17c>
  401870:	2b00      	cmp	r3, #0
  401872:	bfd4      	ite	le
  401874:	f1c3 0302 	rsble	r3, r3, #2
  401878:	2301      	movgt	r3, #1
  40187a:	4413      	add	r3, r2
  40187c:	e7de      	b.n	40183c <_printf_float+0x17c>
  40187e:	6823      	ldr	r3, [r4, #0]
  401880:	055a      	lsls	r2, r3, #21
  401882:	d407      	bmi.n	401894 <_printf_float+0x1d4>
  401884:	6923      	ldr	r3, [r4, #16]
  401886:	4642      	mov	r2, r8
  401888:	4631      	mov	r1, r6
  40188a:	4628      	mov	r0, r5
  40188c:	47b8      	blx	r7
  40188e:	3001      	adds	r0, #1
  401890:	d12a      	bne.n	4018e8 <_printf_float+0x228>
  401892:	e764      	b.n	40175e <_printf_float+0x9e>
  401894:	f1b9 0f65 	cmp.w	r9, #101	; 0x65
  401898:	f240 80e5 	bls.w	401a66 <_printf_float+0x3a6>
  40189c:	ed94 7b12 	vldr	d7, [r4, #72]	; 0x48
  4018a0:	eeb5 7b40 	vcmp.f64	d7, #0.0
  4018a4:	eef1 fa10 	vmrs	APSR_nzcv, fpscr
  4018a8:	d13c      	bne.n	401924 <_printf_float+0x264>
  4018aa:	2301      	movs	r3, #1
  4018ac:	4a3a      	ldr	r2, [pc, #232]	; (401998 <_printf_float+0x2d8>)
  4018ae:	4631      	mov	r1, r6
  4018b0:	4628      	mov	r0, r5
  4018b2:	47b8      	blx	r7
  4018b4:	3001      	adds	r0, #1
  4018b6:	f43f af52 	beq.w	40175e <_printf_float+0x9e>
  4018ba:	9b0a      	ldr	r3, [sp, #40]	; 0x28
  4018bc:	9a09      	ldr	r2, [sp, #36]	; 0x24
  4018be:	429a      	cmp	r2, r3
  4018c0:	db02      	blt.n	4018c8 <_printf_float+0x208>
  4018c2:	6823      	ldr	r3, [r4, #0]
  4018c4:	07d8      	lsls	r0, r3, #31
  4018c6:	d50f      	bpl.n	4018e8 <_printf_float+0x228>
  4018c8:	9b05      	ldr	r3, [sp, #20]
  4018ca:	465a      	mov	r2, fp
  4018cc:	4631      	mov	r1, r6
  4018ce:	4628      	mov	r0, r5
  4018d0:	47b8      	blx	r7
  4018d2:	3001      	adds	r0, #1
  4018d4:	f43f af43 	beq.w	40175e <_printf_float+0x9e>
  4018d8:	f04f 0800 	mov.w	r8, #0
  4018dc:	f104 091a 	add.w	r9, r4, #26
  4018e0:	9b0a      	ldr	r3, [sp, #40]	; 0x28
  4018e2:	3b01      	subs	r3, #1
  4018e4:	4598      	cmp	r8, r3
  4018e6:	db12      	blt.n	40190e <_printf_float+0x24e>
  4018e8:	6823      	ldr	r3, [r4, #0]
  4018ea:	079b      	lsls	r3, r3, #30
  4018ec:	d509      	bpl.n	401902 <_printf_float+0x242>
  4018ee:	f04f 0800 	mov.w	r8, #0
  4018f2:	f104 0919 	add.w	r9, r4, #25
  4018f6:	68e3      	ldr	r3, [r4, #12]
  4018f8:	9a0b      	ldr	r2, [sp, #44]	; 0x2c
  4018fa:	1a9b      	subs	r3, r3, r2
  4018fc:	4598      	cmp	r8, r3
  4018fe:	f2c0 80f2 	blt.w	401ae6 <_printf_float+0x426>
  401902:	68e0      	ldr	r0, [r4, #12]
  401904:	9b0b      	ldr	r3, [sp, #44]	; 0x2c
  401906:	4298      	cmp	r0, r3
  401908:	bfb8      	it	lt
  40190a:	4618      	movlt	r0, r3
  40190c:	e729      	b.n	401762 <_printf_float+0xa2>
  40190e:	2301      	movs	r3, #1
  401910:	464a      	mov	r2, r9
  401912:	4631      	mov	r1, r6
  401914:	4628      	mov	r0, r5
  401916:	47b8      	blx	r7
  401918:	3001      	adds	r0, #1
  40191a:	f43f af20 	beq.w	40175e <_printf_float+0x9e>
  40191e:	f108 0801 	add.w	r8, r8, #1
  401922:	e7dd      	b.n	4018e0 <_printf_float+0x220>
  401924:	9b09      	ldr	r3, [sp, #36]	; 0x24
  401926:	2b00      	cmp	r3, #0
  401928:	dc38      	bgt.n	40199c <_printf_float+0x2dc>
  40192a:	2301      	movs	r3, #1
  40192c:	4a1a      	ldr	r2, [pc, #104]	; (401998 <_printf_float+0x2d8>)
  40192e:	4631      	mov	r1, r6
  401930:	4628      	mov	r0, r5
  401932:	47b8      	blx	r7
  401934:	3001      	adds	r0, #1
  401936:	f43f af12 	beq.w	40175e <_printf_float+0x9e>
  40193a:	9b09      	ldr	r3, [sp, #36]	; 0x24
  40193c:	b923      	cbnz	r3, 401948 <_printf_float+0x288>
  40193e:	9b0a      	ldr	r3, [sp, #40]	; 0x28
  401940:	b913      	cbnz	r3, 401948 <_printf_float+0x288>
  401942:	6823      	ldr	r3, [r4, #0]
  401944:	07d9      	lsls	r1, r3, #31
  401946:	d5cf      	bpl.n	4018e8 <_printf_float+0x228>
  401948:	9b05      	ldr	r3, [sp, #20]
  40194a:	465a      	mov	r2, fp
  40194c:	4631      	mov	r1, r6
  40194e:	4628      	mov	r0, r5
  401950:	47b8      	blx	r7
  401952:	3001      	adds	r0, #1
  401954:	f43f af03 	beq.w	40175e <_printf_float+0x9e>
  401958:	f04f 0900 	mov.w	r9, #0
  40195c:	f104 0a1a 	add.w	sl, r4, #26
  401960:	9b09      	ldr	r3, [sp, #36]	; 0x24
  401962:	425b      	negs	r3, r3
  401964:	4599      	cmp	r9, r3
  401966:	db01      	blt.n	40196c <_printf_float+0x2ac>
  401968:	9b0a      	ldr	r3, [sp, #40]	; 0x28
  40196a:	e78c      	b.n	401886 <_printf_float+0x1c6>
  40196c:	2301      	movs	r3, #1
  40196e:	4652      	mov	r2, sl
  401970:	4631      	mov	r1, r6
  401972:	4628      	mov	r0, r5
  401974:	47b8      	blx	r7
  401976:	3001      	adds	r0, #1
  401978:	f43f aef1 	beq.w	40175e <_printf_float+0x9e>
  40197c:	f109 0901 	add.w	r9, r9, #1
  401980:	e7ee      	b.n	401960 <_printf_float+0x2a0>
  401982:	bf00      	nop
  401984:	f3af 8000 	nop.w
  401988:	ffffffff 	.word	0xffffffff
  40198c:	7fefffff 	.word	0x7fefffff
  401990:	00403290 	.word	0x00403290
  401994:	00403294 	.word	0x00403294
  401998:	004032a0 	.word	0x004032a0
  40199c:	9a0a      	ldr	r2, [sp, #40]	; 0x28
  40199e:	6da3      	ldr	r3, [r4, #88]	; 0x58
  4019a0:	429a      	cmp	r2, r3
  4019a2:	bfa8      	it	ge
  4019a4:	461a      	movge	r2, r3
  4019a6:	2a00      	cmp	r2, #0
  4019a8:	4691      	mov	r9, r2
  4019aa:	dc38      	bgt.n	401a1e <_printf_float+0x35e>
  4019ac:	f104 031a 	add.w	r3, r4, #26
  4019b0:	f04f 0a00 	mov.w	sl, #0
  4019b4:	ea29 79e9 	bic.w	r9, r9, r9, asr #31
  4019b8:	9307      	str	r3, [sp, #28]
  4019ba:	6da3      	ldr	r3, [r4, #88]	; 0x58
  4019bc:	9306      	str	r3, [sp, #24]
  4019be:	eba3 0309 	sub.w	r3, r3, r9
  4019c2:	459a      	cmp	sl, r3
  4019c4:	db33      	blt.n	401a2e <_printf_float+0x36e>
  4019c6:	9b0a      	ldr	r3, [sp, #40]	; 0x28
  4019c8:	9a09      	ldr	r2, [sp, #36]	; 0x24
  4019ca:	429a      	cmp	r2, r3
  4019cc:	db3a      	blt.n	401a44 <_printf_float+0x384>
  4019ce:	6823      	ldr	r3, [r4, #0]
  4019d0:	07da      	lsls	r2, r3, #31
  4019d2:	d437      	bmi.n	401a44 <_printf_float+0x384>
  4019d4:	9b0a      	ldr	r3, [sp, #40]	; 0x28
  4019d6:	9a06      	ldr	r2, [sp, #24]
  4019d8:	9909      	ldr	r1, [sp, #36]	; 0x24
  4019da:	1a9a      	subs	r2, r3, r2
  4019dc:	eba3 0901 	sub.w	r9, r3, r1
  4019e0:	4591      	cmp	r9, r2
  4019e2:	bfa8      	it	ge
  4019e4:	4691      	movge	r9, r2
  4019e6:	f1b9 0f00 	cmp.w	r9, #0
  4019ea:	dc33      	bgt.n	401a54 <_printf_float+0x394>
  4019ec:	f04f 0800 	mov.w	r8, #0
  4019f0:	ea29 79e9 	bic.w	r9, r9, r9, asr #31
  4019f4:	f104 0a1a 	add.w	sl, r4, #26
  4019f8:	9a09      	ldr	r2, [sp, #36]	; 0x24
  4019fa:	9b0a      	ldr	r3, [sp, #40]	; 0x28
  4019fc:	1a9b      	subs	r3, r3, r2
  4019fe:	eba3 0309 	sub.w	r3, r3, r9
  401a02:	4598      	cmp	r8, r3
  401a04:	f6bf af70 	bge.w	4018e8 <_printf_float+0x228>
  401a08:	2301      	movs	r3, #1
  401a0a:	4652      	mov	r2, sl
  401a0c:	4631      	mov	r1, r6
  401a0e:	4628      	mov	r0, r5
  401a10:	47b8      	blx	r7
  401a12:	3001      	adds	r0, #1
  401a14:	f43f aea3 	beq.w	40175e <_printf_float+0x9e>
  401a18:	f108 0801 	add.w	r8, r8, #1
  401a1c:	e7ec      	b.n	4019f8 <_printf_float+0x338>
  401a1e:	4613      	mov	r3, r2
  401a20:	4631      	mov	r1, r6
  401a22:	4642      	mov	r2, r8
  401a24:	4628      	mov	r0, r5
  401a26:	47b8      	blx	r7
  401a28:	3001      	adds	r0, #1
  401a2a:	d1bf      	bne.n	4019ac <_printf_float+0x2ec>
  401a2c:	e697      	b.n	40175e <_printf_float+0x9e>
  401a2e:	2301      	movs	r3, #1
  401a30:	9a07      	ldr	r2, [sp, #28]
  401a32:	4631      	mov	r1, r6
  401a34:	4628      	mov	r0, r5
  401a36:	47b8      	blx	r7
  401a38:	3001      	adds	r0, #1
  401a3a:	f43f ae90 	beq.w	40175e <_printf_float+0x9e>
  401a3e:	f10a 0a01 	add.w	sl, sl, #1
  401a42:	e7ba      	b.n	4019ba <_printf_float+0x2fa>
  401a44:	9b05      	ldr	r3, [sp, #20]
  401a46:	465a      	mov	r2, fp
  401a48:	4631      	mov	r1, r6
  401a4a:	4628      	mov	r0, r5
  401a4c:	47b8      	blx	r7
  401a4e:	3001      	adds	r0, #1
  401a50:	d1c0      	bne.n	4019d4 <_printf_float+0x314>
  401a52:	e684      	b.n	40175e <_printf_float+0x9e>
  401a54:	9a06      	ldr	r2, [sp, #24]
  401a56:	464b      	mov	r3, r9
  401a58:	4442      	add	r2, r8
  401a5a:	4631      	mov	r1, r6
  401a5c:	4628      	mov	r0, r5
  401a5e:	47b8      	blx	r7
  401a60:	3001      	adds	r0, #1
  401a62:	d1c3      	bne.n	4019ec <_printf_float+0x32c>
  401a64:	e67b      	b.n	40175e <_printf_float+0x9e>
  401a66:	9a0a      	ldr	r2, [sp, #40]	; 0x28
  401a68:	2a01      	cmp	r2, #1
  401a6a:	dc01      	bgt.n	401a70 <_printf_float+0x3b0>
  401a6c:	07db      	lsls	r3, r3, #31
  401a6e:	d537      	bpl.n	401ae0 <_printf_float+0x420>
  401a70:	2301      	movs	r3, #1
  401a72:	4642      	mov	r2, r8
  401a74:	4631      	mov	r1, r6
  401a76:	4628      	mov	r0, r5
  401a78:	47b8      	blx	r7
  401a7a:	3001      	adds	r0, #1
  401a7c:	f43f ae6f 	beq.w	40175e <_printf_float+0x9e>
  401a80:	9b05      	ldr	r3, [sp, #20]
  401a82:	465a      	mov	r2, fp
  401a84:	4631      	mov	r1, r6
  401a86:	4628      	mov	r0, r5
  401a88:	47b8      	blx	r7
  401a8a:	3001      	adds	r0, #1
  401a8c:	f43f ae67 	beq.w	40175e <_printf_float+0x9e>
  401a90:	ed94 7b12 	vldr	d7, [r4, #72]	; 0x48
  401a94:	eeb5 7b40 	vcmp.f64	d7, #0.0
  401a98:	eef1 fa10 	vmrs	APSR_nzcv, fpscr
  401a9c:	d10b      	bne.n	401ab6 <_printf_float+0x3f6>
  401a9e:	f04f 0800 	mov.w	r8, #0
  401aa2:	f104 091a 	add.w	r9, r4, #26
  401aa6:	9b0a      	ldr	r3, [sp, #40]	; 0x28
  401aa8:	3b01      	subs	r3, #1
  401aaa:	4598      	cmp	r8, r3
  401aac:	db0d      	blt.n	401aca <_printf_float+0x40a>
  401aae:	4653      	mov	r3, sl
  401ab0:	f104 0250 	add.w	r2, r4, #80	; 0x50
  401ab4:	e6e8      	b.n	401888 <_printf_float+0x1c8>
  401ab6:	9b0a      	ldr	r3, [sp, #40]	; 0x28
  401ab8:	f108 0201 	add.w	r2, r8, #1
  401abc:	3b01      	subs	r3, #1
  401abe:	4631      	mov	r1, r6
  401ac0:	4628      	mov	r0, r5
  401ac2:	47b8      	blx	r7
  401ac4:	3001      	adds	r0, #1
  401ac6:	d1f2      	bne.n	401aae <_printf_float+0x3ee>
  401ac8:	e649      	b.n	40175e <_printf_float+0x9e>
  401aca:	2301      	movs	r3, #1
  401acc:	464a      	mov	r2, r9
  401ace:	4631      	mov	r1, r6
  401ad0:	4628      	mov	r0, r5
  401ad2:	47b8      	blx	r7
  401ad4:	3001      	adds	r0, #1
  401ad6:	f43f ae42 	beq.w	40175e <_printf_float+0x9e>
  401ada:	f108 0801 	add.w	r8, r8, #1
  401ade:	e7e2      	b.n	401aa6 <_printf_float+0x3e6>
  401ae0:	2301      	movs	r3, #1
  401ae2:	4642      	mov	r2, r8
  401ae4:	e7eb      	b.n	401abe <_printf_float+0x3fe>
  401ae6:	2301      	movs	r3, #1
  401ae8:	464a      	mov	r2, r9
  401aea:	4631      	mov	r1, r6
  401aec:	4628      	mov	r0, r5
  401aee:	47b8      	blx	r7
  401af0:	3001      	adds	r0, #1
  401af2:	f43f ae34 	beq.w	40175e <_printf_float+0x9e>
  401af6:	f108 0801 	add.w	r8, r8, #1
  401afa:	e6fc      	b.n	4018f6 <_printf_float+0x236>
  401afc:	eeb4 0b40 	vcmp.f64	d0, d0
  401b00:	eef1 fa10 	vmrs	APSR_nzcv, fpscr
  401b04:	f5ff ae30 	bvc.w	401768 <_printf_float+0xa8>
  401b08:	4b01      	ldr	r3, [pc, #4]	; (401b10 <_printf_float+0x450>)
  401b0a:	4902      	ldr	r1, [pc, #8]	; (401b14 <_printf_float+0x454>)
  401b0c:	e611      	b.n	401732 <_printf_float+0x72>
  401b0e:	bf00      	nop
  401b10:	00403298 	.word	0x00403298
  401b14:	0040329c 	.word	0x0040329c

00401b18 <_printf_common>:
  401b18:	e92d 47f0 	stmdb	sp!, {r4, r5, r6, r7, r8, r9, sl, lr}
  401b1c:	4691      	mov	r9, r2
  401b1e:	461f      	mov	r7, r3
  401b20:	688a      	ldr	r2, [r1, #8]
  401b22:	690b      	ldr	r3, [r1, #16]
  401b24:	f8dd 8020 	ldr.w	r8, [sp, #32]
  401b28:	4293      	cmp	r3, r2
  401b2a:	bfb8      	it	lt
  401b2c:	4613      	movlt	r3, r2
  401b2e:	f8c9 3000 	str.w	r3, [r9]
  401b32:	f891 2043 	ldrb.w	r2, [r1, #67]	; 0x43
  401b36:	4606      	mov	r6, r0
  401b38:	460c      	mov	r4, r1
  401b3a:	b112      	cbz	r2, 401b42 <_printf_common+0x2a>
  401b3c:	3301      	adds	r3, #1
  401b3e:	f8c9 3000 	str.w	r3, [r9]
  401b42:	6823      	ldr	r3, [r4, #0]
  401b44:	0699      	lsls	r1, r3, #26
  401b46:	bf42      	ittt	mi
  401b48:	f8d9 3000 	ldrmi.w	r3, [r9]
  401b4c:	3302      	addmi	r3, #2
  401b4e:	f8c9 3000 	strmi.w	r3, [r9]
  401b52:	6825      	ldr	r5, [r4, #0]
  401b54:	f015 0506 	ands.w	r5, r5, #6
  401b58:	d107      	bne.n	401b6a <_printf_common+0x52>
  401b5a:	f104 0a19 	add.w	sl, r4, #25
  401b5e:	68e3      	ldr	r3, [r4, #12]
  401b60:	f8d9 2000 	ldr.w	r2, [r9]
  401b64:	1a9b      	subs	r3, r3, r2
  401b66:	429d      	cmp	r5, r3
  401b68:	db29      	blt.n	401bbe <_printf_common+0xa6>
  401b6a:	f894 3043 	ldrb.w	r3, [r4, #67]	; 0x43
  401b6e:	6822      	ldr	r2, [r4, #0]
  401b70:	3300      	adds	r3, #0
  401b72:	bf18      	it	ne
  401b74:	2301      	movne	r3, #1
  401b76:	0692      	lsls	r2, r2, #26
  401b78:	d42e      	bmi.n	401bd8 <_printf_common+0xc0>
  401b7a:	f104 0243 	add.w	r2, r4, #67	; 0x43
  401b7e:	4639      	mov	r1, r7
  401b80:	4630      	mov	r0, r6
  401b82:	47c0      	blx	r8
  401b84:	3001      	adds	r0, #1
  401b86:	d021      	beq.n	401bcc <_printf_common+0xb4>
  401b88:	6823      	ldr	r3, [r4, #0]
  401b8a:	68e5      	ldr	r5, [r4, #12]
  401b8c:	f8d9 2000 	ldr.w	r2, [r9]
  401b90:	f003 0306 	and.w	r3, r3, #6
  401b94:	2b04      	cmp	r3, #4
  401b96:	bf08      	it	eq
  401b98:	1aad      	subeq	r5, r5, r2
  401b9a:	68a3      	ldr	r3, [r4, #8]
  401b9c:	6922      	ldr	r2, [r4, #16]
  401b9e:	bf0c      	ite	eq
  401ba0:	ea25 75e5 	biceq.w	r5, r5, r5, asr #31
  401ba4:	2500      	movne	r5, #0
  401ba6:	4293      	cmp	r3, r2
  401ba8:	bfc4      	itt	gt
  401baa:	1a9b      	subgt	r3, r3, r2
  401bac:	18ed      	addgt	r5, r5, r3
  401bae:	f04f 0900 	mov.w	r9, #0
  401bb2:	341a      	adds	r4, #26
  401bb4:	454d      	cmp	r5, r9
  401bb6:	d11b      	bne.n	401bf0 <_printf_common+0xd8>
  401bb8:	2000      	movs	r0, #0
  401bba:	e8bd 87f0 	ldmia.w	sp!, {r4, r5, r6, r7, r8, r9, sl, pc}
  401bbe:	2301      	movs	r3, #1
  401bc0:	4652      	mov	r2, sl
  401bc2:	4639      	mov	r1, r7
  401bc4:	4630      	mov	r0, r6
  401bc6:	47c0      	blx	r8
  401bc8:	3001      	adds	r0, #1
  401bca:	d103      	bne.n	401bd4 <_printf_common+0xbc>
  401bcc:	f04f 30ff 	mov.w	r0, #4294967295
  401bd0:	e8bd 87f0 	ldmia.w	sp!, {r4, r5, r6, r7, r8, r9, sl, pc}
  401bd4:	3501      	adds	r5, #1
  401bd6:	e7c2      	b.n	401b5e <_printf_common+0x46>
  401bd8:	18e1      	adds	r1, r4, r3
  401bda:	1c5a      	adds	r2, r3, #1
  401bdc:	2030      	movs	r0, #48	; 0x30
  401bde:	f881 0043 	strb.w	r0, [r1, #67]	; 0x43
  401be2:	4422      	add	r2, r4
  401be4:	f894 1045 	ldrb.w	r1, [r4, #69]	; 0x45
  401be8:	f882 1043 	strb.w	r1, [r2, #67]	; 0x43
  401bec:	3302      	adds	r3, #2
  401bee:	e7c4      	b.n	401b7a <_printf_common+0x62>
  401bf0:	2301      	movs	r3, #1
  401bf2:	4622      	mov	r2, r4
  401bf4:	4639      	mov	r1, r7
  401bf6:	4630      	mov	r0, r6
  401bf8:	47c0      	blx	r8
  401bfa:	3001      	adds	r0, #1
  401bfc:	d0e6      	beq.n	401bcc <_printf_common+0xb4>
  401bfe:	f109 0901 	add.w	r9, r9, #1
  401c02:	e7d7      	b.n	401bb4 <_printf_common+0x9c>

00401c04 <strcmp>:
  401c04:	f810 2b01 	ldrb.w	r2, [r0], #1
  401c08:	f811 3b01 	ldrb.w	r3, [r1], #1
  401c0c:	2a01      	cmp	r2, #1
  401c0e:	bf28      	it	cs
  401c10:	429a      	cmpcs	r2, r3
  401c12:	d0f7      	beq.n	401c04 <strcmp>
  401c14:	1ad0      	subs	r0, r2, r3
  401c16:	4770      	bx	lr

00401c18 <strlen>:
  401c18:	4603      	mov	r3, r0
  401c1a:	f813 2b01 	ldrb.w	r2, [r3], #1
  401c1e:	2a00      	cmp	r2, #0
  401c20:	d1fb      	bne.n	401c1a <strlen+0x2>
  401c22:	1a18      	subs	r0, r3, r0
  401c24:	3801      	subs	r0, #1
  401c26:	4770      	bx	lr

00401c28 <_strtol_l.isra.0>:
  401c28:	e92d 4ff8 	stmdb	sp!, {r3, r4, r5, r6, r7, r8, r9, sl, fp, lr}
  401c2c:	4680      	mov	r8, r0
  401c2e:	4689      	mov	r9, r1
  401c30:	4692      	mov	sl, r2
  401c32:	461f      	mov	r7, r3
  401c34:	468b      	mov	fp, r1
  401c36:	465d      	mov	r5, fp
  401c38:	980a      	ldr	r0, [sp, #40]	; 0x28
  401c3a:	f815 4b01 	ldrb.w	r4, [r5], #1
  401c3e:	f000 ff17 	bl	402a70 <__locale_ctype_ptr_l>
  401c42:	4420      	add	r0, r4
  401c44:	7846      	ldrb	r6, [r0, #1]
  401c46:	f016 0608 	ands.w	r6, r6, #8
  401c4a:	d10b      	bne.n	401c64 <_strtol_l.isra.0+0x3c>
  401c4c:	2c2d      	cmp	r4, #45	; 0x2d
  401c4e:	d10b      	bne.n	401c68 <_strtol_l.isra.0+0x40>
  401c50:	782c      	ldrb	r4, [r5, #0]
  401c52:	2601      	movs	r6, #1
  401c54:	f10b 0502 	add.w	r5, fp, #2
  401c58:	b167      	cbz	r7, 401c74 <_strtol_l.isra.0+0x4c>
  401c5a:	2f10      	cmp	r7, #16
  401c5c:	d114      	bne.n	401c88 <_strtol_l.isra.0+0x60>
  401c5e:	2c30      	cmp	r4, #48	; 0x30
  401c60:	d00a      	beq.n	401c78 <_strtol_l.isra.0+0x50>
  401c62:	e011      	b.n	401c88 <_strtol_l.isra.0+0x60>
  401c64:	46ab      	mov	fp, r5
  401c66:	e7e6      	b.n	401c36 <_strtol_l.isra.0+0xe>
  401c68:	2c2b      	cmp	r4, #43	; 0x2b
  401c6a:	bf04      	itt	eq
  401c6c:	782c      	ldrbeq	r4, [r5, #0]
  401c6e:	f10b 0502 	addeq.w	r5, fp, #2
  401c72:	e7f1      	b.n	401c58 <_strtol_l.isra.0+0x30>
  401c74:	2c30      	cmp	r4, #48	; 0x30
  401c76:	d127      	bne.n	401cc8 <_strtol_l.isra.0+0xa0>
  401c78:	782b      	ldrb	r3, [r5, #0]
  401c7a:	f003 03df 	and.w	r3, r3, #223	; 0xdf
  401c7e:	2b58      	cmp	r3, #88	; 0x58
  401c80:	d14b      	bne.n	401d1a <_strtol_l.isra.0+0xf2>
  401c82:	786c      	ldrb	r4, [r5, #1]
  401c84:	2710      	movs	r7, #16
  401c86:	3502      	adds	r5, #2
  401c88:	2e00      	cmp	r6, #0
  401c8a:	bf0c      	ite	eq
  401c8c:	f06f 4100 	mvneq.w	r1, #2147483648	; 0x80000000
  401c90:	f04f 4100 	movne.w	r1, #2147483648	; 0x80000000
  401c94:	2200      	movs	r2, #0
  401c96:	fbb1 fef7 	udiv	lr, r1, r7
  401c9a:	4610      	mov	r0, r2
  401c9c:	fb07 1c1e 	mls	ip, r7, lr, r1
  401ca0:	f1a4 0330 	sub.w	r3, r4, #48	; 0x30
  401ca4:	2b09      	cmp	r3, #9
  401ca6:	d811      	bhi.n	401ccc <_strtol_l.isra.0+0xa4>
  401ca8:	461c      	mov	r4, r3
  401caa:	42a7      	cmp	r7, r4
  401cac:	dd1d      	ble.n	401cea <_strtol_l.isra.0+0xc2>
  401cae:	1c53      	adds	r3, r2, #1
  401cb0:	d007      	beq.n	401cc2 <_strtol_l.isra.0+0x9a>
  401cb2:	4586      	cmp	lr, r0
  401cb4:	d316      	bcc.n	401ce4 <_strtol_l.isra.0+0xbc>
  401cb6:	d101      	bne.n	401cbc <_strtol_l.isra.0+0x94>
  401cb8:	45a4      	cmp	ip, r4
  401cba:	db13      	blt.n	401ce4 <_strtol_l.isra.0+0xbc>
  401cbc:	fb00 4007 	mla	r0, r0, r7, r4
  401cc0:	2201      	movs	r2, #1
  401cc2:	f815 4b01 	ldrb.w	r4, [r5], #1
  401cc6:	e7eb      	b.n	401ca0 <_strtol_l.isra.0+0x78>
  401cc8:	270a      	movs	r7, #10
  401cca:	e7dd      	b.n	401c88 <_strtol_l.isra.0+0x60>
  401ccc:	f1a4 0341 	sub.w	r3, r4, #65	; 0x41
  401cd0:	2b19      	cmp	r3, #25
  401cd2:	d801      	bhi.n	401cd8 <_strtol_l.isra.0+0xb0>
  401cd4:	3c37      	subs	r4, #55	; 0x37
  401cd6:	e7e8      	b.n	401caa <_strtol_l.isra.0+0x82>
  401cd8:	f1a4 0361 	sub.w	r3, r4, #97	; 0x61
  401cdc:	2b19      	cmp	r3, #25
  401cde:	d804      	bhi.n	401cea <_strtol_l.isra.0+0xc2>
  401ce0:	3c57      	subs	r4, #87	; 0x57
  401ce2:	e7e2      	b.n	401caa <_strtol_l.isra.0+0x82>
  401ce4:	f04f 32ff 	mov.w	r2, #4294967295
  401ce8:	e7eb      	b.n	401cc2 <_strtol_l.isra.0+0x9a>
  401cea:	1c53      	adds	r3, r2, #1
  401cec:	d108      	bne.n	401d00 <_strtol_l.isra.0+0xd8>
  401cee:	2322      	movs	r3, #34	; 0x22
  401cf0:	f8c8 3000 	str.w	r3, [r8]
  401cf4:	4608      	mov	r0, r1
  401cf6:	f1ba 0f00 	cmp.w	sl, #0
  401cfa:	d107      	bne.n	401d0c <_strtol_l.isra.0+0xe4>
  401cfc:	e8bd 8ff8 	ldmia.w	sp!, {r3, r4, r5, r6, r7, r8, r9, sl, fp, pc}
  401d00:	b106      	cbz	r6, 401d04 <_strtol_l.isra.0+0xdc>
  401d02:	4240      	negs	r0, r0
  401d04:	f1ba 0f00 	cmp.w	sl, #0
  401d08:	d00c      	beq.n	401d24 <_strtol_l.isra.0+0xfc>
  401d0a:	b122      	cbz	r2, 401d16 <_strtol_l.isra.0+0xee>
  401d0c:	3d01      	subs	r5, #1
  401d0e:	f8ca 5000 	str.w	r5, [sl]
  401d12:	e8bd 8ff8 	ldmia.w	sp!, {r3, r4, r5, r6, r7, r8, r9, sl, fp, pc}
  401d16:	464d      	mov	r5, r9
  401d18:	e7f9      	b.n	401d0e <_strtol_l.isra.0+0xe6>
  401d1a:	2430      	movs	r4, #48	; 0x30
  401d1c:	2f00      	cmp	r7, #0
  401d1e:	d1b3      	bne.n	401c88 <_strtol_l.isra.0+0x60>
  401d20:	2708      	movs	r7, #8
  401d22:	e7b1      	b.n	401c88 <_strtol_l.isra.0+0x60>
  401d24:	e8bd 8ff8 	ldmia.w	sp!, {r3, r4, r5, r6, r7, r8, r9, sl, fp, pc}

00401d28 <strtol>:
  401d28:	4b08      	ldr	r3, [pc, #32]	; (401d4c <strtol+0x24>)
  401d2a:	b537      	push	{r0, r1, r2, r4, r5, lr}
  401d2c:	681c      	ldr	r4, [r3, #0]
  401d2e:	4d08      	ldr	r5, [pc, #32]	; (401d50 <strtol+0x28>)
  401d30:	6a23      	ldr	r3, [r4, #32]
  401d32:	2b00      	cmp	r3, #0
  401d34:	bf08      	it	eq
  401d36:	462b      	moveq	r3, r5
  401d38:	9300      	str	r3, [sp, #0]
  401d3a:	4613      	mov	r3, r2
  401d3c:	460a      	mov	r2, r1
  401d3e:	4601      	mov	r1, r0
  401d40:	4620      	mov	r0, r4
  401d42:	f7ff ff71 	bl	401c28 <_strtol_l.isra.0>
  401d46:	b003      	add	sp, #12
  401d48:	bd30      	pop	{r4, r5, pc}
  401d4a:	bf00      	nop
  401d4c:	20400088 	.word	0x20400088
  401d50:	204000ec 	.word	0x204000ec

00401d54 <_strtoul_l.isra.0>:
  401d54:	e92d 47f0 	stmdb	sp!, {r4, r5, r6, r7, r8, r9, sl, lr}
  401d58:	4680      	mov	r8, r0
  401d5a:	4689      	mov	r9, r1
  401d5c:	4692      	mov	sl, r2
  401d5e:	461e      	mov	r6, r3
  401d60:	460f      	mov	r7, r1
  401d62:	463d      	mov	r5, r7
  401d64:	9808      	ldr	r0, [sp, #32]
  401d66:	f815 4b01 	ldrb.w	r4, [r5], #1
  401d6a:	f000 fe81 	bl	402a70 <__locale_ctype_ptr_l>
  401d6e:	4420      	add	r0, r4
  401d70:	7843      	ldrb	r3, [r0, #1]
  401d72:	f013 0308 	ands.w	r3, r3, #8
  401d76:	d10a      	bne.n	401d8e <_strtoul_l.isra.0+0x3a>
  401d78:	2c2d      	cmp	r4, #45	; 0x2d
  401d7a:	d10a      	bne.n	401d92 <_strtoul_l.isra.0+0x3e>
  401d7c:	782c      	ldrb	r4, [r5, #0]
  401d7e:	2301      	movs	r3, #1
  401d80:	1cbd      	adds	r5, r7, #2
  401d82:	b15e      	cbz	r6, 401d9c <_strtoul_l.isra.0+0x48>
  401d84:	2e10      	cmp	r6, #16
  401d86:	d113      	bne.n	401db0 <_strtoul_l.isra.0+0x5c>
  401d88:	2c30      	cmp	r4, #48	; 0x30
  401d8a:	d009      	beq.n	401da0 <_strtoul_l.isra.0+0x4c>
  401d8c:	e010      	b.n	401db0 <_strtoul_l.isra.0+0x5c>
  401d8e:	462f      	mov	r7, r5
  401d90:	e7e7      	b.n	401d62 <_strtoul_l.isra.0+0xe>
  401d92:	2c2b      	cmp	r4, #43	; 0x2b
  401d94:	bf04      	itt	eq
  401d96:	782c      	ldrbeq	r4, [r5, #0]
  401d98:	1cbd      	addeq	r5, r7, #2
  401d9a:	e7f2      	b.n	401d82 <_strtoul_l.isra.0+0x2e>
  401d9c:	2c30      	cmp	r4, #48	; 0x30
  401d9e:	d125      	bne.n	401dec <_strtoul_l.isra.0+0x98>
  401da0:	782a      	ldrb	r2, [r5, #0]
  401da2:	f002 02df 	and.w	r2, r2, #223	; 0xdf
  401da6:	2a58      	cmp	r2, #88	; 0x58
  401da8:	d14a      	bne.n	401e40 <_strtoul_l.isra.0+0xec>
  401daa:	786c      	ldrb	r4, [r5, #1]
  401dac:	2610      	movs	r6, #16
  401dae:	3502      	adds	r5, #2
  401db0:	f04f 31ff 	mov.w	r1, #4294967295
  401db4:	2700      	movs	r7, #0
  401db6:	fbb1 f1f6 	udiv	r1, r1, r6
  401dba:	fb06 fe01 	mul.w	lr, r6, r1
  401dbe:	ea6f 0e0e 	mvn.w	lr, lr
  401dc2:	4638      	mov	r0, r7
  401dc4:	f1a4 0230 	sub.w	r2, r4, #48	; 0x30
  401dc8:	2a09      	cmp	r2, #9
  401dca:	d811      	bhi.n	401df0 <_strtoul_l.isra.0+0x9c>
  401dcc:	4614      	mov	r4, r2
  401dce:	42a6      	cmp	r6, r4
  401dd0:	dd1d      	ble.n	401e0e <_strtoul_l.isra.0+0xba>
  401dd2:	2f00      	cmp	r7, #0
  401dd4:	db18      	blt.n	401e08 <_strtoul_l.isra.0+0xb4>
  401dd6:	4281      	cmp	r1, r0
  401dd8:	d316      	bcc.n	401e08 <_strtoul_l.isra.0+0xb4>
  401dda:	d101      	bne.n	401de0 <_strtoul_l.isra.0+0x8c>
  401ddc:	45a6      	cmp	lr, r4
  401dde:	db13      	blt.n	401e08 <_strtoul_l.isra.0+0xb4>
  401de0:	fb00 4006 	mla	r0, r0, r6, r4
  401de4:	2701      	movs	r7, #1
  401de6:	f815 4b01 	ldrb.w	r4, [r5], #1
  401dea:	e7eb      	b.n	401dc4 <_strtoul_l.isra.0+0x70>
  401dec:	260a      	movs	r6, #10
  401dee:	e7df      	b.n	401db0 <_strtoul_l.isra.0+0x5c>
  401df0:	f1a4 0241 	sub.w	r2, r4, #65	; 0x41
  401df4:	2a19      	cmp	r2, #25
  401df6:	d801      	bhi.n	401dfc <_strtoul_l.isra.0+0xa8>
  401df8:	3c37      	subs	r4, #55	; 0x37
  401dfa:	e7e8      	b.n	401dce <_strtoul_l.isra.0+0x7a>
  401dfc:	f1a4 0261 	sub.w	r2, r4, #97	; 0x61
  401e00:	2a19      	cmp	r2, #25
  401e02:	d804      	bhi.n	401e0e <_strtoul_l.isra.0+0xba>
  401e04:	3c57      	subs	r4, #87	; 0x57
  401e06:	e7e2      	b.n	401dce <_strtoul_l.isra.0+0x7a>
  401e08:	f04f 37ff 	mov.w	r7, #4294967295
  401e0c:	e7eb      	b.n	401de6 <_strtoul_l.isra.0+0x92>
  401e0e:	2f00      	cmp	r7, #0
  401e10:	da09      	bge.n	401e26 <_strtoul_l.isra.0+0xd2>
  401e12:	2322      	movs	r3, #34	; 0x22
  401e14:	f8c8 3000 	str.w	r3, [r8]
  401e18:	f04f 30ff 	mov.w	r0, #4294967295
  401e1c:	f1ba 0f00 	cmp.w	sl, #0
  401e20:	d107      	bne.n	401e32 <_strtoul_l.isra.0+0xde>
  401e22:	e8bd 87f0 	ldmia.w	sp!, {r4, r5, r6, r7, r8, r9, sl, pc}
  401e26:	b103      	cbz	r3, 401e2a <_strtoul_l.isra.0+0xd6>
  401e28:	4240      	negs	r0, r0
  401e2a:	f1ba 0f00 	cmp.w	sl, #0
  401e2e:	d00c      	beq.n	401e4a <_strtoul_l.isra.0+0xf6>
  401e30:	b127      	cbz	r7, 401e3c <_strtoul_l.isra.0+0xe8>
  401e32:	3d01      	subs	r5, #1
  401e34:	f8ca 5000 	str.w	r5, [sl]
  401e38:	e8bd 87f0 	ldmia.w	sp!, {r4, r5, r6, r7, r8, r9, sl, pc}
  401e3c:	464d      	mov	r5, r9
  401e3e:	e7f9      	b.n	401e34 <_strtoul_l.isra.0+0xe0>
  401e40:	2430      	movs	r4, #48	; 0x30
  401e42:	2e00      	cmp	r6, #0
  401e44:	d1b4      	bne.n	401db0 <_strtoul_l.isra.0+0x5c>
  401e46:	2608      	movs	r6, #8
  401e48:	e7b2      	b.n	401db0 <_strtoul_l.isra.0+0x5c>
  401e4a:	e8bd 87f0 	ldmia.w	sp!, {r4, r5, r6, r7, r8, r9, sl, pc}
	...

00401e50 <strtoul>:
  401e50:	4b08      	ldr	r3, [pc, #32]	; (401e74 <strtoul+0x24>)
  401e52:	b537      	push	{r0, r1, r2, r4, r5, lr}
  401e54:	681c      	ldr	r4, [r3, #0]
  401e56:	4d08      	ldr	r5, [pc, #32]	; (401e78 <strtoul+0x28>)
  401e58:	6a23      	ldr	r3, [r4, #32]
  401e5a:	2b00      	cmp	r3, #0
  401e5c:	bf08      	it	eq
  401e5e:	462b      	moveq	r3, r5
  401e60:	9300      	str	r3, [sp, #0]
  401e62:	4613      	mov	r3, r2
  401e64:	460a      	mov	r2, r1
  401e66:	4601      	mov	r1, r0
  401e68:	4620      	mov	r0, r4
  401e6a:	f7ff ff73 	bl	401d54 <_strtoul_l.isra.0>
  401e6e:	b003      	add	sp, #12
  401e70:	bd30      	pop	{r4, r5, pc}
  401e72:	bf00      	nop
  401e74:	20400088 	.word	0x20400088
  401e78:	204000ec 	.word	0x204000ec

00401e7c <quorem>:
  401e7c:	e92d 4ff7 	stmdb	sp!, {r0, r1, r2, r4, r5, r6, r7, r8, r9, sl, fp, lr}
  401e80:	6903      	ldr	r3, [r0, #16]
  401e82:	690c      	ldr	r4, [r1, #16]
  401e84:	429c      	cmp	r4, r3
  401e86:	4680      	mov	r8, r0
  401e88:	f300 8082 	bgt.w	401f90 <quorem+0x114>
  401e8c:	3c01      	subs	r4, #1
  401e8e:	f101 0714 	add.w	r7, r1, #20
  401e92:	ea4f 0e84 	mov.w	lr, r4, lsl #2
  401e96:	f100 0614 	add.w	r6, r0, #20
  401e9a:	f857 5024 	ldr.w	r5, [r7, r4, lsl #2]
  401e9e:	f856 0024 	ldr.w	r0, [r6, r4, lsl #2]
  401ea2:	eb06 030e 	add.w	r3, r6, lr
  401ea6:	3501      	adds	r5, #1
  401ea8:	eb07 090e 	add.w	r9, r7, lr
  401eac:	9301      	str	r3, [sp, #4]
  401eae:	fbb0 f5f5 	udiv	r5, r0, r5
  401eb2:	b395      	cbz	r5, 401f1a <quorem+0x9e>
  401eb4:	f04f 0a00 	mov.w	sl, #0
  401eb8:	4638      	mov	r0, r7
  401eba:	46b4      	mov	ip, r6
  401ebc:	46d3      	mov	fp, sl
  401ebe:	f850 2b04 	ldr.w	r2, [r0], #4
  401ec2:	b293      	uxth	r3, r2
  401ec4:	fb05 a303 	mla	r3, r5, r3, sl
  401ec8:	ea4f 4a13 	mov.w	sl, r3, lsr #16
  401ecc:	b29b      	uxth	r3, r3
  401ece:	ebab 0303 	sub.w	r3, fp, r3
  401ed2:	0c12      	lsrs	r2, r2, #16
  401ed4:	f8bc b000 	ldrh.w	fp, [ip]
  401ed8:	fb05 a202 	mla	r2, r5, r2, sl
  401edc:	fa13 f38b 	uxtah	r3, r3, fp
  401ee0:	ea4f 4a12 	mov.w	sl, r2, lsr #16
  401ee4:	fa1f fb82 	uxth.w	fp, r2
  401ee8:	f8dc 2000 	ldr.w	r2, [ip]
  401eec:	ebcb 4212 	rsb	r2, fp, r2, lsr #16
  401ef0:	eb02 4223 	add.w	r2, r2, r3, asr #16
  401ef4:	b29b      	uxth	r3, r3
  401ef6:	ea43 4302 	orr.w	r3, r3, r2, lsl #16
  401efa:	4581      	cmp	r9, r0
  401efc:	ea4f 4b22 	mov.w	fp, r2, asr #16
  401f00:	f84c 3b04 	str.w	r3, [ip], #4
  401f04:	d2db      	bcs.n	401ebe <quorem+0x42>
  401f06:	f856 300e 	ldr.w	r3, [r6, lr]
  401f0a:	b933      	cbnz	r3, 401f1a <quorem+0x9e>
  401f0c:	9b01      	ldr	r3, [sp, #4]
  401f0e:	3b04      	subs	r3, #4
  401f10:	429e      	cmp	r6, r3
  401f12:	461a      	mov	r2, r3
  401f14:	d330      	bcc.n	401f78 <quorem+0xfc>
  401f16:	f8c8 4010 	str.w	r4, [r8, #16]
  401f1a:	4640      	mov	r0, r8
  401f1c:	f000 ffdd 	bl	402eda <__mcmp>
  401f20:	2800      	cmp	r0, #0
  401f22:	db25      	blt.n	401f70 <quorem+0xf4>
  401f24:	3501      	adds	r5, #1
  401f26:	4630      	mov	r0, r6
  401f28:	f04f 0e00 	mov.w	lr, #0
  401f2c:	f857 2b04 	ldr.w	r2, [r7], #4
  401f30:	f8d0 c000 	ldr.w	ip, [r0]
  401f34:	b293      	uxth	r3, r2
  401f36:	ebae 0303 	sub.w	r3, lr, r3
  401f3a:	0c12      	lsrs	r2, r2, #16
  401f3c:	fa13 f38c 	uxtah	r3, r3, ip
  401f40:	ebc2 421c 	rsb	r2, r2, ip, lsr #16
  401f44:	eb02 4223 	add.w	r2, r2, r3, asr #16
  401f48:	b29b      	uxth	r3, r3
  401f4a:	ea43 4302 	orr.w	r3, r3, r2, lsl #16
  401f4e:	45b9      	cmp	r9, r7
  401f50:	ea4f 4e22 	mov.w	lr, r2, asr #16
  401f54:	f840 3b04 	str.w	r3, [r0], #4
  401f58:	d2e8      	bcs.n	401f2c <quorem+0xb0>
  401f5a:	f856 2024 	ldr.w	r2, [r6, r4, lsl #2]
  401f5e:	eb06 0384 	add.w	r3, r6, r4, lsl #2
  401f62:	b92a      	cbnz	r2, 401f70 <quorem+0xf4>
  401f64:	3b04      	subs	r3, #4
  401f66:	429e      	cmp	r6, r3
  401f68:	461a      	mov	r2, r3
  401f6a:	d30b      	bcc.n	401f84 <quorem+0x108>
  401f6c:	f8c8 4010 	str.w	r4, [r8, #16]
  401f70:	4628      	mov	r0, r5
  401f72:	b003      	add	sp, #12
  401f74:	e8bd 8ff0 	ldmia.w	sp!, {r4, r5, r6, r7, r8, r9, sl, fp, pc}
  401f78:	6812      	ldr	r2, [r2, #0]
  401f7a:	3b04      	subs	r3, #4
  401f7c:	2a00      	cmp	r2, #0
  401f7e:	d1ca      	bne.n	401f16 <quorem+0x9a>
  401f80:	3c01      	subs	r4, #1
  401f82:	e7c5      	b.n	401f10 <quorem+0x94>
  401f84:	6812      	ldr	r2, [r2, #0]
  401f86:	3b04      	subs	r3, #4
  401f88:	2a00      	cmp	r2, #0
  401f8a:	d1ef      	bne.n	401f6c <quorem+0xf0>
  401f8c:	3c01      	subs	r4, #1
  401f8e:	e7ea      	b.n	401f66 <quorem+0xea>
  401f90:	2000      	movs	r0, #0
  401f92:	e7ee      	b.n	401f72 <quorem+0xf6>
  401f94:	0000      	movs	r0, r0
	...

00401f98 <_dtoa_r>:
  401f98:	e92d 4ff0 	stmdb	sp!, {r4, r5, r6, r7, r8, r9, sl, fp, lr}
  401f9c:	ec57 6b10 	vmov	r6, r7, d0
  401fa0:	b095      	sub	sp, #84	; 0x54
  401fa2:	e9cd 6700 	strd	r6, r7, [sp]
  401fa6:	6a46      	ldr	r6, [r0, #36]	; 0x24
  401fa8:	9107      	str	r1, [sp, #28]
  401faa:	4605      	mov	r5, r0
  401fac:	920b      	str	r2, [sp, #44]	; 0x2c
  401fae:	9310      	str	r3, [sp, #64]	; 0x40
  401fb0:	9c1e      	ldr	r4, [sp, #120]	; 0x78
  401fb2:	b93e      	cbnz	r6, 401fc4 <_dtoa_r+0x2c>
  401fb4:	2010      	movs	r0, #16
  401fb6:	f000 fd6d 	bl	402a94 <malloc>
  401fba:	6268      	str	r0, [r5, #36]	; 0x24
  401fbc:	6046      	str	r6, [r0, #4]
  401fbe:	6086      	str	r6, [r0, #8]
  401fc0:	6006      	str	r6, [r0, #0]
  401fc2:	60c6      	str	r6, [r0, #12]
  401fc4:	6a6b      	ldr	r3, [r5, #36]	; 0x24
  401fc6:	6819      	ldr	r1, [r3, #0]
  401fc8:	b151      	cbz	r1, 401fe0 <_dtoa_r+0x48>
  401fca:	685a      	ldr	r2, [r3, #4]
  401fcc:	604a      	str	r2, [r1, #4]
  401fce:	2301      	movs	r3, #1
  401fd0:	4093      	lsls	r3, r2
  401fd2:	608b      	str	r3, [r1, #8]
  401fd4:	4628      	mov	r0, r5
  401fd6:	f000 fdab 	bl	402b30 <_Bfree>
  401fda:	6a6b      	ldr	r3, [r5, #36]	; 0x24
  401fdc:	2200      	movs	r2, #0
  401fde:	601a      	str	r2, [r3, #0]
  401fe0:	9b01      	ldr	r3, [sp, #4]
  401fe2:	2b00      	cmp	r3, #0
  401fe4:	bfbf      	itttt	lt
  401fe6:	2301      	movlt	r3, #1
  401fe8:	6023      	strlt	r3, [r4, #0]
  401fea:	9b01      	ldrlt	r3, [sp, #4]
  401fec:	f023 4300 	biclt.w	r3, r3, #2147483648	; 0x80000000
  401ff0:	bfb2      	itee	lt
  401ff2:	9301      	strlt	r3, [sp, #4]
  401ff4:	2300      	movge	r3, #0
  401ff6:	6023      	strge	r3, [r4, #0]
  401ff8:	9c01      	ldr	r4, [sp, #4]
  401ffa:	4b73      	ldr	r3, [pc, #460]	; (4021c8 <_dtoa_r+0x230>)
  401ffc:	43a3      	bics	r3, r4
  401ffe:	d118      	bne.n	402032 <_dtoa_r+0x9a>
  402000:	9a10      	ldr	r2, [sp, #64]	; 0x40
  402002:	f242 730f 	movw	r3, #9999	; 0x270f
  402006:	6013      	str	r3, [r2, #0]
  402008:	9b00      	ldr	r3, [sp, #0]
  40200a:	b923      	cbnz	r3, 402016 <_dtoa_r+0x7e>
  40200c:	f3c4 0413 	ubfx	r4, r4, #0, #20
  402010:	2c00      	cmp	r4, #0
  402012:	f000 8518 	beq.w	402a46 <_dtoa_r+0xaae>
  402016:	9b1f      	ldr	r3, [sp, #124]	; 0x7c
  402018:	b93b      	cbnz	r3, 40202a <_dtoa_r+0x92>
  40201a:	4b6c      	ldr	r3, [pc, #432]	; (4021cc <_dtoa_r+0x234>)
  40201c:	e01d      	b.n	40205a <_dtoa_r+0xc2>
  40201e:	4b6c      	ldr	r3, [pc, #432]	; (4021d0 <_dtoa_r+0x238>)
  402020:	9304      	str	r3, [sp, #16]
  402022:	3308      	adds	r3, #8
  402024:	9a1f      	ldr	r2, [sp, #124]	; 0x7c
  402026:	6013      	str	r3, [r2, #0]
  402028:	e2a6      	b.n	402578 <_dtoa_r+0x5e0>
  40202a:	4b68      	ldr	r3, [pc, #416]	; (4021cc <_dtoa_r+0x234>)
  40202c:	9304      	str	r3, [sp, #16]
  40202e:	3303      	adds	r3, #3
  402030:	e7f8      	b.n	402024 <_dtoa_r+0x8c>
  402032:	ed9d 7b00 	vldr	d7, [sp]
  402036:	eeb5 7b40 	vcmp.f64	d7, #0.0
  40203a:	eef1 fa10 	vmrs	APSR_nzcv, fpscr
  40203e:	ed8d 7b04 	vstr	d7, [sp, #16]
  402042:	d10c      	bne.n	40205e <_dtoa_r+0xc6>
  402044:	9a10      	ldr	r2, [sp, #64]	; 0x40
  402046:	2301      	movs	r3, #1
  402048:	6013      	str	r3, [r2, #0]
  40204a:	9b1f      	ldr	r3, [sp, #124]	; 0x7c
  40204c:	2b00      	cmp	r3, #0
  40204e:	f000 84f7 	beq.w	402a40 <_dtoa_r+0xaa8>
  402052:	4b60      	ldr	r3, [pc, #384]	; (4021d4 <_dtoa_r+0x23c>)
  402054:	9a1f      	ldr	r2, [sp, #124]	; 0x7c
  402056:	6013      	str	r3, [r2, #0]
  402058:	3b01      	subs	r3, #1
  40205a:	9304      	str	r3, [sp, #16]
  40205c:	e28c      	b.n	402578 <_dtoa_r+0x5e0>
  40205e:	a913      	add	r1, sp, #76	; 0x4c
  402060:	aa12      	add	r2, sp, #72	; 0x48
  402062:	ed9d 0b04 	vldr	d0, [sp, #16]
  402066:	4628      	mov	r0, r5
  402068:	f000 ffaf 	bl	402fca <__d2b>
  40206c:	f3c4 510a 	ubfx	r1, r4, #20, #11
  402070:	9003      	str	r0, [sp, #12]
  402072:	9812      	ldr	r0, [sp, #72]	; 0x48
  402074:	2900      	cmp	r1, #0
  402076:	d046      	beq.n	402106 <_dtoa_r+0x16e>
  402078:	e9dd 2304 	ldrd	r2, r3, [sp, #16]
  40207c:	f3c3 0413 	ubfx	r4, r3, #0, #20
  402080:	f044 537f 	orr.w	r3, r4, #1069547520	; 0x3fc00000
  402084:	f2a1 3aff 	subw	sl, r1, #1023	; 0x3ff
  402088:	f443 1340 	orr.w	r3, r3, #3145728	; 0x300000
  40208c:	2100      	movs	r1, #0
  40208e:	ee07 aa90 	vmov	s15, sl
  402092:	ec43 2b16 	vmov	d6, r2, r3
  402096:	eeb8 5be7 	vcvt.f64.s32	d5, s15
  40209a:	ed9f 4b45 	vldr	d4, [pc, #276]	; 4021b0 <_dtoa_r+0x218>
  40209e:	eeb7 7b08 	vmov.f64	d7, #120	; 0x3fc00000  1.5
  4020a2:	ee36 7b47 	vsub.f64	d7, d6, d7
  4020a6:	ed9f 6b44 	vldr	d6, [pc, #272]	; 4021b8 <_dtoa_r+0x220>
  4020aa:	eea7 6b04 	vfma.f64	d6, d7, d4
  4020ae:	eeb0 7b46 	vmov.f64	d7, d6
  4020b2:	ed9f 6b43 	vldr	d6, [pc, #268]	; 4021c0 <_dtoa_r+0x228>
  4020b6:	eea5 7b06 	vfma.f64	d7, d5, d6
  4020ba:	eefd 6bc7 	vcvt.s32.f64	s13, d7
  4020be:	eeb5 7bc0 	vcmpe.f64	d7, #0.0
  4020c2:	eef1 fa10 	vmrs	APSR_nzcv, fpscr
  4020c6:	9111      	str	r1, [sp, #68]	; 0x44
  4020c8:	ee16 ba90 	vmov	fp, s13
  4020cc:	d508      	bpl.n	4020e0 <_dtoa_r+0x148>
  4020ce:	eeb8 6be6 	vcvt.f64.s32	d6, s13
  4020d2:	eeb4 7b46 	vcmp.f64	d7, d6
  4020d6:	eef1 fa10 	vmrs	APSR_nzcv, fpscr
  4020da:	bf18      	it	ne
  4020dc:	f10b 3bff 	addne.w	fp, fp, #4294967295
  4020e0:	f1bb 0f16 	cmp.w	fp, #22
  4020e4:	d831      	bhi.n	40214a <_dtoa_r+0x1b2>
  4020e6:	4b3c      	ldr	r3, [pc, #240]	; (4021d8 <_dtoa_r+0x240>)
  4020e8:	eb03 03cb 	add.w	r3, r3, fp, lsl #3
  4020ec:	ed93 7b00 	vldr	d7, [r3]
  4020f0:	ed9d 6b00 	vldr	d6, [sp]
  4020f4:	eeb4 7bc6 	vcmpe.f64	d7, d6
  4020f8:	eef1 fa10 	vmrs	APSR_nzcv, fpscr
  4020fc:	dd01      	ble.n	402102 <_dtoa_r+0x16a>
  4020fe:	f10b 3bff 	add.w	fp, fp, #4294967295
  402102:	2300      	movs	r3, #0
  402104:	e022      	b.n	40214c <_dtoa_r+0x1b4>
  402106:	9913      	ldr	r1, [sp, #76]	; 0x4c
  402108:	4401      	add	r1, r0
  40210a:	f201 4332 	addw	r3, r1, #1074	; 0x432
  40210e:	2b20      	cmp	r3, #32
  402110:	dd15      	ble.n	40213e <_dtoa_r+0x1a6>
  402112:	9e00      	ldr	r6, [sp, #0]
  402114:	f201 4212 	addw	r2, r1, #1042	; 0x412
  402118:	f1c3 0340 	rsb	r3, r3, #64	; 0x40
  40211c:	fa26 f202 	lsr.w	r2, r6, r2
  402120:	fa04 f303 	lsl.w	r3, r4, r3
  402124:	431a      	orrs	r2, r3
  402126:	ee07 2a90 	vmov	s15, r2
  40212a:	eeb8 7b67 	vcvt.f64.u32	d7, s15
  40212e:	f101 3aff 	add.w	sl, r1, #4294967295
  402132:	ec53 2b17 	vmov	r2, r3, d7
  402136:	2101      	movs	r1, #1
  402138:	f1a3 73f8 	sub.w	r3, r3, #32505856	; 0x1f00000
  40213c:	e7a7      	b.n	40208e <_dtoa_r+0xf6>
  40213e:	f1c3 0220 	rsb	r2, r3, #32
  402142:	9b00      	ldr	r3, [sp, #0]
  402144:	fa03 f202 	lsl.w	r2, r3, r2
  402148:	e7ed      	b.n	402126 <_dtoa_r+0x18e>
  40214a:	2301      	movs	r3, #1
  40214c:	eba0 0a0a 	sub.w	sl, r0, sl
  402150:	f1ba 0701 	subs.w	r7, sl, #1
  402154:	bf46      	itte	mi
  402156:	f1ca 0a01 	rsbmi	sl, sl, #1
  40215a:	2700      	movmi	r7, #0
  40215c:	f04f 0a00 	movpl.w	sl, #0
  402160:	f1bb 0f00 	cmp.w	fp, #0
  402164:	930d      	str	r3, [sp, #52]	; 0x34
  402166:	bfbc      	itt	lt
  402168:	2300      	movlt	r3, #0
  40216a:	930c      	strlt	r3, [sp, #48]	; 0x30
  40216c:	9b07      	ldr	r3, [sp, #28]
  40216e:	bfa3      	ittte	ge
  402170:	f8cd b030 	strge.w	fp, [sp, #48]	; 0x30
  402174:	445f      	addge	r7, fp
  402176:	f04f 0800 	movge.w	r8, #0
  40217a:	ebaa 0a0b 	sublt.w	sl, sl, fp
  40217e:	bfb8      	it	lt
  402180:	f1cb 0800 	rsblt	r8, fp, #0
  402184:	2b09      	cmp	r3, #9
  402186:	f200 80f8 	bhi.w	40237a <_dtoa_r+0x3e2>
  40218a:	2b05      	cmp	r3, #5
  40218c:	bfc4      	itt	gt
  40218e:	3b04      	subgt	r3, #4
  402190:	9307      	strgt	r3, [sp, #28]
  402192:	9b07      	ldr	r3, [sp, #28]
  402194:	f1a3 0302 	sub.w	r3, r3, #2
  402198:	bfcc      	ite	gt
  40219a:	2400      	movgt	r4, #0
  40219c:	2401      	movle	r4, #1
  40219e:	2b03      	cmp	r3, #3
  4021a0:	f200 80f7 	bhi.w	402392 <_dtoa_r+0x3fa>
  4021a4:	e8df f013 	tbh	[pc, r3, lsl #1]
  4021a8:	00e700e5 	.word	0x00e700e5
  4021ac:	00d9001a 	.word	0x00d9001a
  4021b0:	636f4361 	.word	0x636f4361
  4021b4:	3fd287a7 	.word	0x3fd287a7
  4021b8:	8b60c8b3 	.word	0x8b60c8b3
  4021bc:	3fc68a28 	.word	0x3fc68a28
  4021c0:	509f79fb 	.word	0x509f79fb
  4021c4:	3fd34413 	.word	0x3fd34413
  4021c8:	7ff00000 	.word	0x7ff00000
  4021cc:	004032ab 	.word	0x004032ab
  4021d0:	004032a2 	.word	0x004032a2
  4021d4:	004032a1 	.word	0x004032a1
  4021d8:	00403348 	.word	0x00403348
  4021dc:	2301      	movs	r3, #1
  4021de:	930a      	str	r3, [sp, #40]	; 0x28
  4021e0:	9b0b      	ldr	r3, [sp, #44]	; 0x2c
  4021e2:	2b00      	cmp	r3, #0
  4021e4:	f340 80d8 	ble.w	402398 <_dtoa_r+0x400>
  4021e8:	9306      	str	r3, [sp, #24]
  4021ea:	4699      	mov	r9, r3
  4021ec:	6a6e      	ldr	r6, [r5, #36]	; 0x24
  4021ee:	2200      	movs	r2, #0
  4021f0:	6072      	str	r2, [r6, #4]
  4021f2:	2104      	movs	r1, #4
  4021f4:	f101 0214 	add.w	r2, r1, #20
  4021f8:	429a      	cmp	r2, r3
  4021fa:	f240 80d2 	bls.w	4023a2 <_dtoa_r+0x40a>
  4021fe:	6871      	ldr	r1, [r6, #4]
  402200:	4628      	mov	r0, r5
  402202:	f000 fc61 	bl	402ac8 <_Balloc>
  402206:	6a6b      	ldr	r3, [r5, #36]	; 0x24
  402208:	6030      	str	r0, [r6, #0]
  40220a:	681b      	ldr	r3, [r3, #0]
  40220c:	9304      	str	r3, [sp, #16]
  40220e:	f1b9 0f0e 	cmp.w	r9, #14
  402212:	d875      	bhi.n	402300 <_dtoa_r+0x368>
  402214:	2c00      	cmp	r4, #0
  402216:	d073      	beq.n	402300 <_dtoa_r+0x368>
  402218:	ed9d 7b00 	vldr	d7, [sp]
  40221c:	f1bb 0f00 	cmp.w	fp, #0
  402220:	ed8d 7b0e 	vstr	d7, [sp, #56]	; 0x38
  402224:	f340 80ce 	ble.w	4023c4 <_dtoa_r+0x42c>
  402228:	4ab5      	ldr	r2, [pc, #724]	; (402500 <_dtoa_r+0x568>)
  40222a:	f00b 030f 	and.w	r3, fp, #15
  40222e:	eb02 03c3 	add.w	r3, r2, r3, lsl #3
  402232:	ea4f 122b 	mov.w	r2, fp, asr #4
  402236:	ed93 7b00 	vldr	d7, [r3]
  40223a:	06d3      	lsls	r3, r2, #27
  40223c:	f140 80b6 	bpl.w	4023ac <_dtoa_r+0x414>
  402240:	4bb0      	ldr	r3, [pc, #704]	; (402504 <_dtoa_r+0x56c>)
  402242:	ed9d 4b0e 	vldr	d4, [sp, #56]	; 0x38
  402246:	ed93 6b08 	vldr	d6, [r3, #32]
  40224a:	ee84 5b06 	vdiv.f64	d5, d4, d6
  40224e:	ed8d 5b00 	vstr	d5, [sp]
  402252:	f002 020f 	and.w	r2, r2, #15
  402256:	2303      	movs	r3, #3
  402258:	49aa      	ldr	r1, [pc, #680]	; (402504 <_dtoa_r+0x56c>)
  40225a:	2a00      	cmp	r2, #0
  40225c:	f040 80a8 	bne.w	4023b0 <_dtoa_r+0x418>
  402260:	ed9d 5b00 	vldr	d5, [sp]
  402264:	ee85 6b07 	vdiv.f64	d6, d5, d7
  402268:	ed8d 6b00 	vstr	d6, [sp]
  40226c:	9a0d      	ldr	r2, [sp, #52]	; 0x34
  40226e:	2a00      	cmp	r2, #0
  402270:	f000 80da 	beq.w	402428 <_dtoa_r+0x490>
  402274:	eeb7 6b00 	vmov.f64	d6, #112	; 0x3f800000  1.0
  402278:	ed9d 7b00 	vldr	d7, [sp]
  40227c:	eeb4 7bc6 	vcmpe.f64	d7, d6
  402280:	eef1 fa10 	vmrs	APSR_nzcv, fpscr
  402284:	f140 80d0 	bpl.w	402428 <_dtoa_r+0x490>
  402288:	f1b9 0f00 	cmp.w	r9, #0
  40228c:	f000 80cc 	beq.w	402428 <_dtoa_r+0x490>
  402290:	9a06      	ldr	r2, [sp, #24]
  402292:	2a00      	cmp	r2, #0
  402294:	dd30      	ble.n	4022f8 <_dtoa_r+0x360>
  402296:	eeb2 6b04 	vmov.f64	d6, #36	; 0x41200000  10.0
  40229a:	ee27 7b06 	vmul.f64	d7, d7, d6
  40229e:	ed8d 7b00 	vstr	d7, [sp]
  4022a2:	9c06      	ldr	r4, [sp, #24]
  4022a4:	f10b 32ff 	add.w	r2, fp, #4294967295
  4022a8:	3301      	adds	r3, #1
  4022aa:	ed9d 6b00 	vldr	d6, [sp]
  4022ae:	eeb1 5b0c 	vmov.f64	d5, #28	; 0x40e00000  7.0
  4022b2:	ee07 3a90 	vmov	s15, r3
  4022b6:	eeb8 7be7 	vcvt.f64.s32	d7, s15
  4022ba:	eea7 5b06 	vfma.f64	d5, d7, d6
  4022be:	ed8d 5b00 	vstr	d5, [sp]
  4022c2:	9b01      	ldr	r3, [sp, #4]
  4022c4:	f1a3 7350 	sub.w	r3, r3, #54525952	; 0x3400000
  4022c8:	9301      	str	r3, [sp, #4]
  4022ca:	2c00      	cmp	r4, #0
  4022cc:	f040 80af 	bne.w	40242e <_dtoa_r+0x496>
  4022d0:	eeb1 7b04 	vmov.f64	d7, #20	; 0x40a00000  5.0
  4022d4:	ee36 6b47 	vsub.f64	d6, d6, d7
  4022d8:	ed9d 7b00 	vldr	d7, [sp]
  4022dc:	eeb4 6bc7 	vcmpe.f64	d6, d7
  4022e0:	eef1 fa10 	vmrs	APSR_nzcv, fpscr
  4022e4:	f300 8300 	bgt.w	4028e8 <_dtoa_r+0x950>
  4022e8:	eeb1 7b47 	vneg.f64	d7, d7
  4022ec:	eeb4 6bc7 	vcmpe.f64	d6, d7
  4022f0:	eef1 fa10 	vmrs	APSR_nzcv, fpscr
  4022f4:	f100 82f6 	bmi.w	4028e4 <_dtoa_r+0x94c>
  4022f8:	e9dd 340e 	ldrd	r3, r4, [sp, #56]	; 0x38
  4022fc:	e9cd 3400 	strd	r3, r4, [sp]
  402300:	9b13      	ldr	r3, [sp, #76]	; 0x4c
  402302:	2b00      	cmp	r3, #0
  402304:	f2c0 8158 	blt.w	4025b8 <_dtoa_r+0x620>
  402308:	f1bb 0f0e 	cmp.w	fp, #14
  40230c:	f300 8154 	bgt.w	4025b8 <_dtoa_r+0x620>
  402310:	4b7b      	ldr	r3, [pc, #492]	; (402500 <_dtoa_r+0x568>)
  402312:	eb03 03cb 	add.w	r3, r3, fp, lsl #3
  402316:	ed93 6b00 	vldr	d6, [r3]
  40231a:	9b0b      	ldr	r3, [sp, #44]	; 0x2c
  40231c:	2b00      	cmp	r3, #0
  40231e:	f280 80f3 	bge.w	402508 <_dtoa_r+0x570>
  402322:	f1b9 0f00 	cmp.w	r9, #0
  402326:	f300 80ef 	bgt.w	402508 <_dtoa_r+0x570>
  40232a:	f040 82da 	bne.w	4028e2 <_dtoa_r+0x94a>
  40232e:	eeb1 7b04 	vmov.f64	d7, #20	; 0x40a00000  5.0
  402332:	ee26 6b07 	vmul.f64	d6, d6, d7
  402336:	ed9d 7b00 	vldr	d7, [sp]
  40233a:	eeb4 6bc7 	vcmpe.f64	d6, d7
  40233e:	eef1 fa10 	vmrs	APSR_nzcv, fpscr
  402342:	464c      	mov	r4, r9
  402344:	464e      	mov	r6, r9
  402346:	f280 82ac 	bge.w	4028a2 <_dtoa_r+0x90a>
  40234a:	9b04      	ldr	r3, [sp, #16]
  40234c:	9904      	ldr	r1, [sp, #16]
  40234e:	2231      	movs	r2, #49	; 0x31
  402350:	3301      	adds	r3, #1
  402352:	700a      	strb	r2, [r1, #0]
  402354:	f10b 0b01 	add.w	fp, fp, #1
  402358:	e2a7      	b.n	4028aa <_dtoa_r+0x912>
  40235a:	2301      	movs	r3, #1
  40235c:	930a      	str	r3, [sp, #40]	; 0x28
  40235e:	9b0b      	ldr	r3, [sp, #44]	; 0x2c
  402360:	445b      	add	r3, fp
  402362:	f103 0901 	add.w	r9, r3, #1
  402366:	9306      	str	r3, [sp, #24]
  402368:	464b      	mov	r3, r9
  40236a:	2b01      	cmp	r3, #1
  40236c:	bfb8      	it	lt
  40236e:	2301      	movlt	r3, #1
  402370:	e73c      	b.n	4021ec <_dtoa_r+0x254>
  402372:	2300      	movs	r3, #0
  402374:	e733      	b.n	4021de <_dtoa_r+0x246>
  402376:	2300      	movs	r3, #0
  402378:	e7f0      	b.n	40235c <_dtoa_r+0x3c4>
  40237a:	2401      	movs	r4, #1
  40237c:	2300      	movs	r3, #0
  40237e:	9307      	str	r3, [sp, #28]
  402380:	940a      	str	r4, [sp, #40]	; 0x28
  402382:	f04f 33ff 	mov.w	r3, #4294967295
  402386:	9306      	str	r3, [sp, #24]
  402388:	4699      	mov	r9, r3
  40238a:	2200      	movs	r2, #0
  40238c:	2312      	movs	r3, #18
  40238e:	920b      	str	r2, [sp, #44]	; 0x2c
  402390:	e72c      	b.n	4021ec <_dtoa_r+0x254>
  402392:	2301      	movs	r3, #1
  402394:	930a      	str	r3, [sp, #40]	; 0x28
  402396:	e7f4      	b.n	402382 <_dtoa_r+0x3ea>
  402398:	2301      	movs	r3, #1
  40239a:	9306      	str	r3, [sp, #24]
  40239c:	4699      	mov	r9, r3
  40239e:	461a      	mov	r2, r3
  4023a0:	e7f5      	b.n	40238e <_dtoa_r+0x3f6>
  4023a2:	6872      	ldr	r2, [r6, #4]
  4023a4:	3201      	adds	r2, #1
  4023a6:	6072      	str	r2, [r6, #4]
  4023a8:	0049      	lsls	r1, r1, #1
  4023aa:	e723      	b.n	4021f4 <_dtoa_r+0x25c>
  4023ac:	2302      	movs	r3, #2
  4023ae:	e753      	b.n	402258 <_dtoa_r+0x2c0>
  4023b0:	07d6      	lsls	r6, r2, #31
  4023b2:	d504      	bpl.n	4023be <_dtoa_r+0x426>
  4023b4:	ed91 6b00 	vldr	d6, [r1]
  4023b8:	3301      	adds	r3, #1
  4023ba:	ee27 7b06 	vmul.f64	d7, d7, d6
  4023be:	1052      	asrs	r2, r2, #1
  4023c0:	3108      	adds	r1, #8
  4023c2:	e74a      	b.n	40225a <_dtoa_r+0x2c2>
  4023c4:	d02e      	beq.n	402424 <_dtoa_r+0x48c>
  4023c6:	f1cb 0200 	rsb	r2, fp, #0
  4023ca:	4b4d      	ldr	r3, [pc, #308]	; (402500 <_dtoa_r+0x568>)
  4023cc:	f002 010f 	and.w	r1, r2, #15
  4023d0:	eb03 03c1 	add.w	r3, r3, r1, lsl #3
  4023d4:	ed93 7b00 	vldr	d7, [r3]
  4023d8:	ed9d 6b0e 	vldr	d6, [sp, #56]	; 0x38
  4023dc:	ee26 7b07 	vmul.f64	d7, d6, d7
  4023e0:	ed8d 7b08 	vstr	d7, [sp, #32]
  4023e4:	e9dd 3408 	ldrd	r3, r4, [sp, #32]
  4023e8:	4946      	ldr	r1, [pc, #280]	; (402504 <_dtoa_r+0x56c>)
  4023ea:	e9cd 3400 	strd	r3, r4, [sp]
  4023ee:	1112      	asrs	r2, r2, #4
  4023f0:	2000      	movs	r0, #0
  4023f2:	2302      	movs	r3, #2
  4023f4:	b93a      	cbnz	r2, 402406 <_dtoa_r+0x46e>
  4023f6:	2800      	cmp	r0, #0
  4023f8:	f43f af38 	beq.w	40226c <_dtoa_r+0x2d4>
  4023fc:	e9dd 1208 	ldrd	r1, r2, [sp, #32]
  402400:	e9cd 1200 	strd	r1, r2, [sp]
  402404:	e732      	b.n	40226c <_dtoa_r+0x2d4>
  402406:	07d4      	lsls	r4, r2, #31
  402408:	d509      	bpl.n	40241e <_dtoa_r+0x486>
  40240a:	ed9d 6b08 	vldr	d6, [sp, #32]
  40240e:	ed91 7b00 	vldr	d7, [r1]
  402412:	ee26 7b07 	vmul.f64	d7, d6, d7
  402416:	ed8d 7b08 	vstr	d7, [sp, #32]
  40241a:	3301      	adds	r3, #1
  40241c:	2001      	movs	r0, #1
  40241e:	1052      	asrs	r2, r2, #1
  402420:	3108      	adds	r1, #8
  402422:	e7e7      	b.n	4023f4 <_dtoa_r+0x45c>
  402424:	2302      	movs	r3, #2
  402426:	e721      	b.n	40226c <_dtoa_r+0x2d4>
  402428:	465a      	mov	r2, fp
  40242a:	464c      	mov	r4, r9
  40242c:	e73d      	b.n	4022aa <_dtoa_r+0x312>
  40242e:	9804      	ldr	r0, [sp, #16]
  402430:	4b33      	ldr	r3, [pc, #204]	; (402500 <_dtoa_r+0x568>)
  402432:	1e61      	subs	r1, r4, #1
  402434:	4404      	add	r4, r0
  402436:	980a      	ldr	r0, [sp, #40]	; 0x28
  402438:	eb03 03c1 	add.w	r3, r3, r1, lsl #3
  40243c:	ed93 5b00 	vldr	d5, [r3]
  402440:	b358      	cbz	r0, 40249a <_dtoa_r+0x502>
  402442:	eeb6 4b00 	vmov.f64	d4, #96	; 0x3f000000  0.5
  402446:	ee84 7b05 	vdiv.f64	d7, d4, d5
  40244a:	ed9d 5b00 	vldr	d5, [sp]
  40244e:	eeb7 2b00 	vmov.f64	d2, #112	; 0x3f800000  1.0
  402452:	eeb2 3b04 	vmov.f64	d3, #36	; 0x41200000  10.0
  402456:	9b04      	ldr	r3, [sp, #16]
  402458:	ee37 7b45 	vsub.f64	d7, d7, d5
  40245c:	eefd 4bc6 	vcvt.s32.f64	s9, d6
  402460:	ee14 1a90 	vmov	r1, s9
  402464:	eeb8 5be4 	vcvt.f64.s32	d5, s9
  402468:	3130      	adds	r1, #48	; 0x30
  40246a:	ee36 6b45 	vsub.f64	d6, d6, d5
  40246e:	eeb4 6bc7 	vcmpe.f64	d6, d7
  402472:	eef1 fa10 	vmrs	APSR_nzcv, fpscr
  402476:	f803 1b01 	strb.w	r1, [r3], #1
  40247a:	d439      	bmi.n	4024f0 <_dtoa_r+0x558>
  40247c:	ee32 5b46 	vsub.f64	d5, d2, d6
  402480:	eeb4 5bc7 	vcmpe.f64	d5, d7
  402484:	eef1 fa10 	vmrs	APSR_nzcv, fpscr
  402488:	d47b      	bmi.n	402582 <_dtoa_r+0x5ea>
  40248a:	42a3      	cmp	r3, r4
  40248c:	f43f af34 	beq.w	4022f8 <_dtoa_r+0x360>
  402490:	ee27 7b03 	vmul.f64	d7, d7, d3
  402494:	ee26 6b03 	vmul.f64	d6, d6, d3
  402498:	e7e0      	b.n	40245c <_dtoa_r+0x4c4>
  40249a:	ed9d 7b00 	vldr	d7, [sp]
  40249e:	eeb2 3b04 	vmov.f64	d3, #36	; 0x41200000  10.0
  4024a2:	9b04      	ldr	r3, [sp, #16]
  4024a4:	ee25 5b07 	vmul.f64	d5, d5, d7
  4024a8:	eefd 4bc6 	vcvt.s32.f64	s9, d6
  4024ac:	ee14 1a90 	vmov	r1, s9
  4024b0:	3130      	adds	r1, #48	; 0x30
  4024b2:	f803 1b01 	strb.w	r1, [r3], #1
  4024b6:	429c      	cmp	r4, r3
  4024b8:	eeb8 7be4 	vcvt.f64.s32	d7, s9
  4024bc:	ee36 6b47 	vsub.f64	d6, d6, d7
  4024c0:	d11a      	bne.n	4024f8 <_dtoa_r+0x560>
  4024c2:	eeb6 7b00 	vmov.f64	d7, #96	; 0x3f000000  0.5
  4024c6:	ee35 4b07 	vadd.f64	d4, d5, d7
  4024ca:	eeb4 6bc4 	vcmpe.f64	d6, d4
  4024ce:	eef1 fa10 	vmrs	APSR_nzcv, fpscr
  4024d2:	dc56      	bgt.n	402582 <_dtoa_r+0x5ea>
  4024d4:	ee37 5b45 	vsub.f64	d5, d7, d5
  4024d8:	eeb4 6bc5 	vcmpe.f64	d6, d5
  4024dc:	eef1 fa10 	vmrs	APSR_nzcv, fpscr
  4024e0:	f57f af0a 	bpl.w	4022f8 <_dtoa_r+0x360>
  4024e4:	f813 1c01 	ldrb.w	r1, [r3, #-1]
  4024e8:	2930      	cmp	r1, #48	; 0x30
  4024ea:	f103 30ff 	add.w	r0, r3, #4294967295
  4024ee:	d001      	beq.n	4024f4 <_dtoa_r+0x55c>
  4024f0:	4693      	mov	fp, r2
  4024f2:	e031      	b.n	402558 <_dtoa_r+0x5c0>
  4024f4:	4603      	mov	r3, r0
  4024f6:	e7f5      	b.n	4024e4 <_dtoa_r+0x54c>
  4024f8:	ee26 6b03 	vmul.f64	d6, d6, d3
  4024fc:	e7d4      	b.n	4024a8 <_dtoa_r+0x510>
  4024fe:	bf00      	nop
  402500:	00403348 	.word	0x00403348
  402504:	00403320 	.word	0x00403320
  402508:	ed9d 7b00 	vldr	d7, [sp]
  40250c:	eeb1 3b46 	vneg.f64	d3, d6
  402510:	eeb2 4b04 	vmov.f64	d4, #36	; 0x41200000  10.0
  402514:	9b04      	ldr	r3, [sp, #16]
  402516:	ee87 5b06 	vdiv.f64	d5, d7, d6
  40251a:	eebd 5bc5 	vcvt.s32.f64	s10, d5
  40251e:	ee15 2a10 	vmov	r2, s10
  402522:	3230      	adds	r2, #48	; 0x30
  402524:	f803 2b01 	strb.w	r2, [r3], #1
  402528:	9a04      	ldr	r2, [sp, #16]
  40252a:	1a9a      	subs	r2, r3, r2
  40252c:	4591      	cmp	r9, r2
  40252e:	eeb8 2bc5 	vcvt.f64.s32	d2, s10
  402532:	eea3 7b02 	vfma.f64	d7, d3, d2
  402536:	d137      	bne.n	4025a8 <_dtoa_r+0x610>
  402538:	ee37 7b07 	vadd.f64	d7, d7, d7
  40253c:	eeb4 6bc7 	vcmpe.f64	d6, d7
  402540:	eef1 fa10 	vmrs	APSR_nzcv, fpscr
  402544:	d41c      	bmi.n	402580 <_dtoa_r+0x5e8>
  402546:	eeb4 6b47 	vcmp.f64	d6, d7
  40254a:	eef1 fa10 	vmrs	APSR_nzcv, fpscr
  40254e:	d103      	bne.n	402558 <_dtoa_r+0x5c0>
  402550:	ee15 2a10 	vmov	r2, s10
  402554:	07d2      	lsls	r2, r2, #31
  402556:	d413      	bmi.n	402580 <_dtoa_r+0x5e8>
  402558:	9903      	ldr	r1, [sp, #12]
  40255a:	9300      	str	r3, [sp, #0]
  40255c:	4628      	mov	r0, r5
  40255e:	f000 fae7 	bl	402b30 <_Bfree>
  402562:	9b00      	ldr	r3, [sp, #0]
  402564:	9910      	ldr	r1, [sp, #64]	; 0x40
  402566:	2200      	movs	r2, #0
  402568:	701a      	strb	r2, [r3, #0]
  40256a:	f10b 0201 	add.w	r2, fp, #1
  40256e:	600a      	str	r2, [r1, #0]
  402570:	9a1f      	ldr	r2, [sp, #124]	; 0x7c
  402572:	2a00      	cmp	r2, #0
  402574:	f47f ad57 	bne.w	402026 <_dtoa_r+0x8e>
  402578:	9804      	ldr	r0, [sp, #16]
  40257a:	b015      	add	sp, #84	; 0x54
  40257c:	e8bd 8ff0 	ldmia.w	sp!, {r4, r5, r6, r7, r8, r9, sl, fp, pc}
  402580:	465a      	mov	r2, fp
  402582:	f813 0c01 	ldrb.w	r0, [r3, #-1]
  402586:	2839      	cmp	r0, #57	; 0x39
  402588:	f103 31ff 	add.w	r1, r3, #4294967295
  40258c:	d106      	bne.n	40259c <_dtoa_r+0x604>
  40258e:	9804      	ldr	r0, [sp, #16]
  402590:	4288      	cmp	r0, r1
  402592:	d107      	bne.n	4025a4 <_dtoa_r+0x60c>
  402594:	2130      	movs	r1, #48	; 0x30
  402596:	7001      	strb	r1, [r0, #0]
  402598:	3201      	adds	r2, #1
  40259a:	4601      	mov	r1, r0
  40259c:	7808      	ldrb	r0, [r1, #0]
  40259e:	3001      	adds	r0, #1
  4025a0:	7008      	strb	r0, [r1, #0]
  4025a2:	e7a5      	b.n	4024f0 <_dtoa_r+0x558>
  4025a4:	460b      	mov	r3, r1
  4025a6:	e7ec      	b.n	402582 <_dtoa_r+0x5ea>
  4025a8:	ee27 7b04 	vmul.f64	d7, d7, d4
  4025ac:	eeb5 7b40 	vcmp.f64	d7, #0.0
  4025b0:	eef1 fa10 	vmrs	APSR_nzcv, fpscr
  4025b4:	d1af      	bne.n	402516 <_dtoa_r+0x57e>
  4025b6:	e7cf      	b.n	402558 <_dtoa_r+0x5c0>
  4025b8:	9a0a      	ldr	r2, [sp, #40]	; 0x28
  4025ba:	2a00      	cmp	r2, #0
  4025bc:	f000 8129 	beq.w	402812 <_dtoa_r+0x87a>
  4025c0:	9a07      	ldr	r2, [sp, #28]
  4025c2:	2a01      	cmp	r2, #1
  4025c4:	f300 810b 	bgt.w	4027de <_dtoa_r+0x846>
  4025c8:	9a11      	ldr	r2, [sp, #68]	; 0x44
  4025ca:	2a00      	cmp	r2, #0
  4025cc:	f000 8103 	beq.w	4027d6 <_dtoa_r+0x83e>
  4025d0:	f203 4333 	addw	r3, r3, #1075	; 0x433
  4025d4:	4644      	mov	r4, r8
  4025d6:	f8cd a020 	str.w	sl, [sp, #32]
  4025da:	2101      	movs	r1, #1
  4025dc:	4628      	mov	r0, r5
  4025de:	449a      	add	sl, r3
  4025e0:	441f      	add	r7, r3
  4025e2:	f000 fb45 	bl	402c70 <__i2b>
  4025e6:	4606      	mov	r6, r0
  4025e8:	9b08      	ldr	r3, [sp, #32]
  4025ea:	2b00      	cmp	r3, #0
  4025ec:	dd0a      	ble.n	402604 <_dtoa_r+0x66c>
  4025ee:	2f00      	cmp	r7, #0
  4025f0:	dd08      	ble.n	402604 <_dtoa_r+0x66c>
  4025f2:	42bb      	cmp	r3, r7
  4025f4:	9a08      	ldr	r2, [sp, #32]
  4025f6:	bfa8      	it	ge
  4025f8:	463b      	movge	r3, r7
  4025fa:	1ad2      	subs	r2, r2, r3
  4025fc:	ebaa 0a03 	sub.w	sl, sl, r3
  402600:	9208      	str	r2, [sp, #32]
  402602:	1aff      	subs	r7, r7, r3
  402604:	f1b8 0f00 	cmp.w	r8, #0
  402608:	d01f      	beq.n	40264a <_dtoa_r+0x6b2>
  40260a:	9b0a      	ldr	r3, [sp, #40]	; 0x28
  40260c:	2b00      	cmp	r3, #0
  40260e:	f000 8105 	beq.w	40281c <_dtoa_r+0x884>
  402612:	2c00      	cmp	r4, #0
  402614:	dd11      	ble.n	40263a <_dtoa_r+0x6a2>
  402616:	4631      	mov	r1, r6
  402618:	4622      	mov	r2, r4
  40261a:	4628      	mov	r0, r5
  40261c:	f000 fbbe 	bl	402d9c <__pow5mult>
  402620:	9a03      	ldr	r2, [sp, #12]
  402622:	4601      	mov	r1, r0
  402624:	4606      	mov	r6, r0
  402626:	4628      	mov	r0, r5
  402628:	f000 fb2b 	bl	402c82 <__multiply>
  40262c:	9903      	ldr	r1, [sp, #12]
  40262e:	900e      	str	r0, [sp, #56]	; 0x38
  402630:	4628      	mov	r0, r5
  402632:	f000 fa7d 	bl	402b30 <_Bfree>
  402636:	9b0e      	ldr	r3, [sp, #56]	; 0x38
  402638:	9303      	str	r3, [sp, #12]
  40263a:	ebb8 0204 	subs.w	r2, r8, r4
  40263e:	d004      	beq.n	40264a <_dtoa_r+0x6b2>
  402640:	9903      	ldr	r1, [sp, #12]
  402642:	4628      	mov	r0, r5
  402644:	f000 fbaa 	bl	402d9c <__pow5mult>
  402648:	9003      	str	r0, [sp, #12]
  40264a:	2101      	movs	r1, #1
  40264c:	4628      	mov	r0, r5
  40264e:	f000 fb0f 	bl	402c70 <__i2b>
  402652:	9b0c      	ldr	r3, [sp, #48]	; 0x30
  402654:	2b00      	cmp	r3, #0
  402656:	4604      	mov	r4, r0
  402658:	f340 80e2 	ble.w	402820 <_dtoa_r+0x888>
  40265c:	461a      	mov	r2, r3
  40265e:	4601      	mov	r1, r0
  402660:	4628      	mov	r0, r5
  402662:	f000 fb9b 	bl	402d9c <__pow5mult>
  402666:	9b07      	ldr	r3, [sp, #28]
  402668:	2b01      	cmp	r3, #1
  40266a:	4604      	mov	r4, r0
  40266c:	f340 80db 	ble.w	402826 <_dtoa_r+0x88e>
  402670:	f04f 0800 	mov.w	r8, #0
  402674:	6923      	ldr	r3, [r4, #16]
  402676:	eb04 0383 	add.w	r3, r4, r3, lsl #2
  40267a:	6918      	ldr	r0, [r3, #16]
  40267c:	f000 faaa 	bl	402bd4 <__hi0bits>
  402680:	f1c0 0020 	rsb	r0, r0, #32
  402684:	4438      	add	r0, r7
  402686:	f010 001f 	ands.w	r0, r0, #31
  40268a:	f000 80f1 	beq.w	402870 <_dtoa_r+0x8d8>
  40268e:	f1c0 0320 	rsb	r3, r0, #32
  402692:	2b04      	cmp	r3, #4
  402694:	f340 80e3 	ble.w	40285e <_dtoa_r+0x8c6>
  402698:	9b08      	ldr	r3, [sp, #32]
  40269a:	f1c0 001c 	rsb	r0, r0, #28
  40269e:	4403      	add	r3, r0
  4026a0:	4482      	add	sl, r0
  4026a2:	9308      	str	r3, [sp, #32]
  4026a4:	4407      	add	r7, r0
  4026a6:	f1ba 0f00 	cmp.w	sl, #0
  4026aa:	dd05      	ble.n	4026b8 <_dtoa_r+0x720>
  4026ac:	4652      	mov	r2, sl
  4026ae:	9903      	ldr	r1, [sp, #12]
  4026b0:	4628      	mov	r0, r5
  4026b2:	f000 fbc1 	bl	402e38 <__lshift>
  4026b6:	9003      	str	r0, [sp, #12]
  4026b8:	2f00      	cmp	r7, #0
  4026ba:	dd05      	ble.n	4026c8 <_dtoa_r+0x730>
  4026bc:	4621      	mov	r1, r4
  4026be:	463a      	mov	r2, r7
  4026c0:	4628      	mov	r0, r5
  4026c2:	f000 fbb9 	bl	402e38 <__lshift>
  4026c6:	4604      	mov	r4, r0
  4026c8:	9b0d      	ldr	r3, [sp, #52]	; 0x34
  4026ca:	2b00      	cmp	r3, #0
  4026cc:	f000 80d2 	beq.w	402874 <_dtoa_r+0x8dc>
  4026d0:	4621      	mov	r1, r4
  4026d2:	9803      	ldr	r0, [sp, #12]
  4026d4:	f000 fc01 	bl	402eda <__mcmp>
  4026d8:	2800      	cmp	r0, #0
  4026da:	f280 80cb 	bge.w	402874 <_dtoa_r+0x8dc>
  4026de:	2300      	movs	r3, #0
  4026e0:	220a      	movs	r2, #10
  4026e2:	9903      	ldr	r1, [sp, #12]
  4026e4:	4628      	mov	r0, r5
  4026e6:	f000 fa3a 	bl	402b5e <__multadd>
  4026ea:	9b0a      	ldr	r3, [sp, #40]	; 0x28
  4026ec:	9003      	str	r0, [sp, #12]
  4026ee:	f10b 3bff 	add.w	fp, fp, #4294967295
  4026f2:	2b00      	cmp	r3, #0
  4026f4:	f000 81ae 	beq.w	402a54 <_dtoa_r+0xabc>
  4026f8:	2300      	movs	r3, #0
  4026fa:	4631      	mov	r1, r6
  4026fc:	220a      	movs	r2, #10
  4026fe:	4628      	mov	r0, r5
  402700:	f000 fa2d 	bl	402b5e <__multadd>
  402704:	9b06      	ldr	r3, [sp, #24]
  402706:	2b00      	cmp	r3, #0
  402708:	4606      	mov	r6, r0
  40270a:	dc03      	bgt.n	402714 <_dtoa_r+0x77c>
  40270c:	9b07      	ldr	r3, [sp, #28]
  40270e:	2b02      	cmp	r3, #2
  402710:	f300 80b8 	bgt.w	402884 <_dtoa_r+0x8ec>
  402714:	9b08      	ldr	r3, [sp, #32]
  402716:	2b00      	cmp	r3, #0
  402718:	dd05      	ble.n	402726 <_dtoa_r+0x78e>
  40271a:	4631      	mov	r1, r6
  40271c:	461a      	mov	r2, r3
  40271e:	4628      	mov	r0, r5
  402720:	f000 fb8a 	bl	402e38 <__lshift>
  402724:	4606      	mov	r6, r0
  402726:	f1b8 0f00 	cmp.w	r8, #0
  40272a:	f000 8115 	beq.w	402958 <_dtoa_r+0x9c0>
  40272e:	6871      	ldr	r1, [r6, #4]
  402730:	4628      	mov	r0, r5
  402732:	f000 f9c9 	bl	402ac8 <_Balloc>
  402736:	6932      	ldr	r2, [r6, #16]
  402738:	3202      	adds	r2, #2
  40273a:	4607      	mov	r7, r0
  40273c:	0092      	lsls	r2, r2, #2
  40273e:	f106 010c 	add.w	r1, r6, #12
  402742:	300c      	adds	r0, #12
  402744:	f7fe ff1e 	bl	401584 <memcpy>
  402748:	2201      	movs	r2, #1
  40274a:	4639      	mov	r1, r7
  40274c:	4628      	mov	r0, r5
  40274e:	f000 fb73 	bl	402e38 <__lshift>
  402752:	9b00      	ldr	r3, [sp, #0]
  402754:	9f04      	ldr	r7, [sp, #16]
  402756:	f003 0301 	and.w	r3, r3, #1
  40275a:	46b1      	mov	r9, r6
  40275c:	9308      	str	r3, [sp, #32]
  40275e:	4606      	mov	r6, r0
  402760:	4621      	mov	r1, r4
  402762:	9803      	ldr	r0, [sp, #12]
  402764:	f7ff fb8a 	bl	401e7c <quorem>
  402768:	4649      	mov	r1, r9
  40276a:	4682      	mov	sl, r0
  40276c:	f100 0830 	add.w	r8, r0, #48	; 0x30
  402770:	9803      	ldr	r0, [sp, #12]
  402772:	f000 fbb2 	bl	402eda <__mcmp>
  402776:	4632      	mov	r2, r6
  402778:	9000      	str	r0, [sp, #0]
  40277a:	4621      	mov	r1, r4
  40277c:	4628      	mov	r0, r5
  40277e:	f000 fbc6 	bl	402f0e <__mdiff>
  402782:	68c3      	ldr	r3, [r0, #12]
  402784:	4602      	mov	r2, r0
  402786:	2b00      	cmp	r3, #0
  402788:	f040 80e8 	bne.w	40295c <_dtoa_r+0x9c4>
  40278c:	4601      	mov	r1, r0
  40278e:	900a      	str	r0, [sp, #40]	; 0x28
  402790:	9803      	ldr	r0, [sp, #12]
  402792:	f000 fba2 	bl	402eda <__mcmp>
  402796:	9a0a      	ldr	r2, [sp, #40]	; 0x28
  402798:	4603      	mov	r3, r0
  40279a:	4611      	mov	r1, r2
  40279c:	4628      	mov	r0, r5
  40279e:	930a      	str	r3, [sp, #40]	; 0x28
  4027a0:	f000 f9c6 	bl	402b30 <_Bfree>
  4027a4:	9b0a      	ldr	r3, [sp, #40]	; 0x28
  4027a6:	2b00      	cmp	r3, #0
  4027a8:	f040 80da 	bne.w	402960 <_dtoa_r+0x9c8>
  4027ac:	9a07      	ldr	r2, [sp, #28]
  4027ae:	2a00      	cmp	r2, #0
  4027b0:	f040 80d6 	bne.w	402960 <_dtoa_r+0x9c8>
  4027b4:	9a08      	ldr	r2, [sp, #32]
  4027b6:	2a00      	cmp	r2, #0
  4027b8:	f040 80d2 	bne.w	402960 <_dtoa_r+0x9c8>
  4027bc:	f1b8 0f39 	cmp.w	r8, #57	; 0x39
  4027c0:	f000 80ee 	beq.w	4029a0 <_dtoa_r+0xa08>
  4027c4:	9b00      	ldr	r3, [sp, #0]
  4027c6:	2b00      	cmp	r3, #0
  4027c8:	dd01      	ble.n	4027ce <_dtoa_r+0x836>
  4027ca:	f10a 0831 	add.w	r8, sl, #49	; 0x31
  4027ce:	1c7b      	adds	r3, r7, #1
  4027d0:	f887 8000 	strb.w	r8, [r7]
  4027d4:	e06b      	b.n	4028ae <_dtoa_r+0x916>
  4027d6:	9b12      	ldr	r3, [sp, #72]	; 0x48
  4027d8:	f1c3 0336 	rsb	r3, r3, #54	; 0x36
  4027dc:	e6fa      	b.n	4025d4 <_dtoa_r+0x63c>
  4027de:	f109 34ff 	add.w	r4, r9, #4294967295
  4027e2:	45a0      	cmp	r8, r4
  4027e4:	bfbf      	itttt	lt
  4027e6:	9b0c      	ldrlt	r3, [sp, #48]	; 0x30
  4027e8:	eba4 0808 	sublt.w	r8, r4, r8
  4027ec:	4443      	addlt	r3, r8
  4027ee:	930c      	strlt	r3, [sp, #48]	; 0x30
  4027f0:	bfb6      	itet	lt
  4027f2:	46a0      	movlt	r8, r4
  4027f4:	eba8 0404 	subge.w	r4, r8, r4
  4027f8:	2400      	movlt	r4, #0
  4027fa:	f1b9 0f00 	cmp.w	r9, #0
  4027fe:	bfbb      	ittet	lt
  402800:	ebaa 0309 	sublt.w	r3, sl, r9
  402804:	9308      	strlt	r3, [sp, #32]
  402806:	f8cd a020 	strge.w	sl, [sp, #32]
  40280a:	2300      	movlt	r3, #0
  40280c:	bfa8      	it	ge
  40280e:	464b      	movge	r3, r9
  402810:	e6e3      	b.n	4025da <_dtoa_r+0x642>
  402812:	4644      	mov	r4, r8
  402814:	f8cd a020 	str.w	sl, [sp, #32]
  402818:	9e0a      	ldr	r6, [sp, #40]	; 0x28
  40281a:	e6e5      	b.n	4025e8 <_dtoa_r+0x650>
  40281c:	4642      	mov	r2, r8
  40281e:	e70f      	b.n	402640 <_dtoa_r+0x6a8>
  402820:	9b07      	ldr	r3, [sp, #28]
  402822:	2b01      	cmp	r3, #1
  402824:	dc16      	bgt.n	402854 <_dtoa_r+0x8bc>
  402826:	9b00      	ldr	r3, [sp, #0]
  402828:	b9a3      	cbnz	r3, 402854 <_dtoa_r+0x8bc>
  40282a:	9b01      	ldr	r3, [sp, #4]
  40282c:	f3c3 0313 	ubfx	r3, r3, #0, #20
  402830:	b983      	cbnz	r3, 402854 <_dtoa_r+0x8bc>
  402832:	9b01      	ldr	r3, [sp, #4]
  402834:	f023 4300 	bic.w	r3, r3, #2147483648	; 0x80000000
  402838:	0d1b      	lsrs	r3, r3, #20
  40283a:	051b      	lsls	r3, r3, #20
  40283c:	b16b      	cbz	r3, 40285a <_dtoa_r+0x8c2>
  40283e:	f10a 0a01 	add.w	sl, sl, #1
  402842:	3701      	adds	r7, #1
  402844:	f04f 0801 	mov.w	r8, #1
  402848:	9b0c      	ldr	r3, [sp, #48]	; 0x30
  40284a:	2b00      	cmp	r3, #0
  40284c:	f47f af12 	bne.w	402674 <_dtoa_r+0x6dc>
  402850:	2001      	movs	r0, #1
  402852:	e717      	b.n	402684 <_dtoa_r+0x6ec>
  402854:	f04f 0800 	mov.w	r8, #0
  402858:	e7f6      	b.n	402848 <_dtoa_r+0x8b0>
  40285a:	4698      	mov	r8, r3
  40285c:	e7f4      	b.n	402848 <_dtoa_r+0x8b0>
  40285e:	f43f af22 	beq.w	4026a6 <_dtoa_r+0x70e>
  402862:	9a08      	ldr	r2, [sp, #32]
  402864:	331c      	adds	r3, #28
  402866:	441a      	add	r2, r3
  402868:	449a      	add	sl, r3
  40286a:	9208      	str	r2, [sp, #32]
  40286c:	441f      	add	r7, r3
  40286e:	e71a      	b.n	4026a6 <_dtoa_r+0x70e>
  402870:	4603      	mov	r3, r0
  402872:	e7f6      	b.n	402862 <_dtoa_r+0x8ca>
  402874:	f1b9 0f00 	cmp.w	r9, #0
  402878:	dc39      	bgt.n	4028ee <_dtoa_r+0x956>
  40287a:	9b07      	ldr	r3, [sp, #28]
  40287c:	2b02      	cmp	r3, #2
  40287e:	dd36      	ble.n	4028ee <_dtoa_r+0x956>
  402880:	f8cd 9018 	str.w	r9, [sp, #24]
  402884:	9b06      	ldr	r3, [sp, #24]
  402886:	b963      	cbnz	r3, 4028a2 <_dtoa_r+0x90a>
  402888:	4621      	mov	r1, r4
  40288a:	2205      	movs	r2, #5
  40288c:	4628      	mov	r0, r5
  40288e:	f000 f966 	bl	402b5e <__multadd>
  402892:	4601      	mov	r1, r0
  402894:	4604      	mov	r4, r0
  402896:	9803      	ldr	r0, [sp, #12]
  402898:	f000 fb1f 	bl	402eda <__mcmp>
  40289c:	2800      	cmp	r0, #0
  40289e:	f73f ad54 	bgt.w	40234a <_dtoa_r+0x3b2>
  4028a2:	9b0b      	ldr	r3, [sp, #44]	; 0x2c
  4028a4:	ea6f 0b03 	mvn.w	fp, r3
  4028a8:	9b04      	ldr	r3, [sp, #16]
  4028aa:	f04f 0900 	mov.w	r9, #0
  4028ae:	4621      	mov	r1, r4
  4028b0:	4628      	mov	r0, r5
  4028b2:	9300      	str	r3, [sp, #0]
  4028b4:	f000 f93c 	bl	402b30 <_Bfree>
  4028b8:	9b00      	ldr	r3, [sp, #0]
  4028ba:	2e00      	cmp	r6, #0
  4028bc:	f43f ae4c 	beq.w	402558 <_dtoa_r+0x5c0>
  4028c0:	f1b9 0f00 	cmp.w	r9, #0
  4028c4:	d006      	beq.n	4028d4 <_dtoa_r+0x93c>
  4028c6:	45b1      	cmp	r9, r6
  4028c8:	d004      	beq.n	4028d4 <_dtoa_r+0x93c>
  4028ca:	4649      	mov	r1, r9
  4028cc:	4628      	mov	r0, r5
  4028ce:	f000 f92f 	bl	402b30 <_Bfree>
  4028d2:	9b00      	ldr	r3, [sp, #0]
  4028d4:	9300      	str	r3, [sp, #0]
  4028d6:	4631      	mov	r1, r6
  4028d8:	4628      	mov	r0, r5
  4028da:	f000 f929 	bl	402b30 <_Bfree>
  4028de:	9b00      	ldr	r3, [sp, #0]
  4028e0:	e63a      	b.n	402558 <_dtoa_r+0x5c0>
  4028e2:	2400      	movs	r4, #0
  4028e4:	4626      	mov	r6, r4
  4028e6:	e7dc      	b.n	4028a2 <_dtoa_r+0x90a>
  4028e8:	4693      	mov	fp, r2
  4028ea:	4626      	mov	r6, r4
  4028ec:	e52d      	b.n	40234a <_dtoa_r+0x3b2>
  4028ee:	9b0a      	ldr	r3, [sp, #40]	; 0x28
  4028f0:	f8cd 9018 	str.w	r9, [sp, #24]
  4028f4:	2b00      	cmp	r3, #0
  4028f6:	f47f af0d 	bne.w	402714 <_dtoa_r+0x77c>
  4028fa:	9f04      	ldr	r7, [sp, #16]
  4028fc:	9803      	ldr	r0, [sp, #12]
  4028fe:	4621      	mov	r1, r4
  402900:	f7ff fabc 	bl	401e7c <quorem>
  402904:	f100 0830 	add.w	r8, r0, #48	; 0x30
  402908:	f807 8b01 	strb.w	r8, [r7], #1
  40290c:	9b04      	ldr	r3, [sp, #16]
  40290e:	9a06      	ldr	r2, [sp, #24]
  402910:	1afb      	subs	r3, r7, r3
  402912:	429a      	cmp	r2, r3
  402914:	f300 8081 	bgt.w	402a1a <_dtoa_r+0xa82>
  402918:	9b04      	ldr	r3, [sp, #16]
  40291a:	2a01      	cmp	r2, #1
  40291c:	bfac      	ite	ge
  40291e:	189b      	addge	r3, r3, r2
  402920:	3301      	addlt	r3, #1
  402922:	461f      	mov	r7, r3
  402924:	f04f 0900 	mov.w	r9, #0
  402928:	2201      	movs	r2, #1
  40292a:	9903      	ldr	r1, [sp, #12]
  40292c:	4628      	mov	r0, r5
  40292e:	f000 fa83 	bl	402e38 <__lshift>
  402932:	4621      	mov	r1, r4
  402934:	9003      	str	r0, [sp, #12]
  402936:	f000 fad0 	bl	402eda <__mcmp>
  40293a:	2800      	cmp	r0, #0
  40293c:	dc33      	bgt.n	4029a6 <_dtoa_r+0xa0e>
  40293e:	d102      	bne.n	402946 <_dtoa_r+0x9ae>
  402940:	f018 0f01 	tst.w	r8, #1
  402944:	d12f      	bne.n	4029a6 <_dtoa_r+0xa0e>
  402946:	463b      	mov	r3, r7
  402948:	f813 2c01 	ldrb.w	r2, [r3, #-1]
  40294c:	2a30      	cmp	r2, #48	; 0x30
  40294e:	f103 31ff 	add.w	r1, r3, #4294967295
  402952:	d1ac      	bne.n	4028ae <_dtoa_r+0x916>
  402954:	460b      	mov	r3, r1
  402956:	e7f7      	b.n	402948 <_dtoa_r+0x9b0>
  402958:	4630      	mov	r0, r6
  40295a:	e6fa      	b.n	402752 <_dtoa_r+0x7ba>
  40295c:	2301      	movs	r3, #1
  40295e:	e71c      	b.n	40279a <_dtoa_r+0x802>
  402960:	9a00      	ldr	r2, [sp, #0]
  402962:	2a00      	cmp	r2, #0
  402964:	db04      	blt.n	402970 <_dtoa_r+0x9d8>
  402966:	d127      	bne.n	4029b8 <_dtoa_r+0xa20>
  402968:	9a07      	ldr	r2, [sp, #28]
  40296a:	bb2a      	cbnz	r2, 4029b8 <_dtoa_r+0xa20>
  40296c:	9a08      	ldr	r2, [sp, #32]
  40296e:	bb1a      	cbnz	r2, 4029b8 <_dtoa_r+0xa20>
  402970:	2b00      	cmp	r3, #0
  402972:	f77f af2c 	ble.w	4027ce <_dtoa_r+0x836>
  402976:	2201      	movs	r2, #1
  402978:	9903      	ldr	r1, [sp, #12]
  40297a:	4628      	mov	r0, r5
  40297c:	f000 fa5c 	bl	402e38 <__lshift>
  402980:	4621      	mov	r1, r4
  402982:	9003      	str	r0, [sp, #12]
  402984:	f000 faa9 	bl	402eda <__mcmp>
  402988:	2800      	cmp	r0, #0
  40298a:	dc05      	bgt.n	402998 <_dtoa_r+0xa00>
  40298c:	f47f af1f 	bne.w	4027ce <_dtoa_r+0x836>
  402990:	f018 0f01 	tst.w	r8, #1
  402994:	f43f af1b 	beq.w	4027ce <_dtoa_r+0x836>
  402998:	f1b8 0f39 	cmp.w	r8, #57	; 0x39
  40299c:	f47f af15 	bne.w	4027ca <_dtoa_r+0x832>
  4029a0:	2339      	movs	r3, #57	; 0x39
  4029a2:	703b      	strb	r3, [r7, #0]
  4029a4:	3701      	adds	r7, #1
  4029a6:	463b      	mov	r3, r7
  4029a8:	f813 2c01 	ldrb.w	r2, [r3, #-1]
  4029ac:	2a39      	cmp	r2, #57	; 0x39
  4029ae:	f103 31ff 	add.w	r1, r3, #4294967295
  4029b2:	d03a      	beq.n	402a2a <_dtoa_r+0xa92>
  4029b4:	3201      	adds	r2, #1
  4029b6:	e03f      	b.n	402a38 <_dtoa_r+0xaa0>
  4029b8:	2b00      	cmp	r3, #0
  4029ba:	f107 0301 	add.w	r3, r7, #1
  4029be:	dd05      	ble.n	4029cc <_dtoa_r+0xa34>
  4029c0:	f1b8 0f39 	cmp.w	r8, #57	; 0x39
  4029c4:	d0ec      	beq.n	4029a0 <_dtoa_r+0xa08>
  4029c6:	f108 0801 	add.w	r8, r8, #1
  4029ca:	e701      	b.n	4027d0 <_dtoa_r+0x838>
  4029cc:	461f      	mov	r7, r3
  4029ce:	f803 8c01 	strb.w	r8, [r3, #-1]
  4029d2:	9b04      	ldr	r3, [sp, #16]
  4029d4:	9a06      	ldr	r2, [sp, #24]
  4029d6:	1afb      	subs	r3, r7, r3
  4029d8:	4293      	cmp	r3, r2
  4029da:	d0a5      	beq.n	402928 <_dtoa_r+0x990>
  4029dc:	2300      	movs	r3, #0
  4029de:	220a      	movs	r2, #10
  4029e0:	9903      	ldr	r1, [sp, #12]
  4029e2:	4628      	mov	r0, r5
  4029e4:	f000 f8bb 	bl	402b5e <__multadd>
  4029e8:	45b1      	cmp	r9, r6
  4029ea:	9003      	str	r0, [sp, #12]
  4029ec:	f04f 0300 	mov.w	r3, #0
  4029f0:	f04f 020a 	mov.w	r2, #10
  4029f4:	4649      	mov	r1, r9
  4029f6:	4628      	mov	r0, r5
  4029f8:	d104      	bne.n	402a04 <_dtoa_r+0xa6c>
  4029fa:	f000 f8b0 	bl	402b5e <__multadd>
  4029fe:	4681      	mov	r9, r0
  402a00:	4606      	mov	r6, r0
  402a02:	e6ad      	b.n	402760 <_dtoa_r+0x7c8>
  402a04:	f000 f8ab 	bl	402b5e <__multadd>
  402a08:	4631      	mov	r1, r6
  402a0a:	4681      	mov	r9, r0
  402a0c:	2300      	movs	r3, #0
  402a0e:	220a      	movs	r2, #10
  402a10:	4628      	mov	r0, r5
  402a12:	f000 f8a4 	bl	402b5e <__multadd>
  402a16:	4606      	mov	r6, r0
  402a18:	e6a2      	b.n	402760 <_dtoa_r+0x7c8>
  402a1a:	2300      	movs	r3, #0
  402a1c:	220a      	movs	r2, #10
  402a1e:	9903      	ldr	r1, [sp, #12]
  402a20:	4628      	mov	r0, r5
  402a22:	f000 f89c 	bl	402b5e <__multadd>
  402a26:	9003      	str	r0, [sp, #12]
  402a28:	e768      	b.n	4028fc <_dtoa_r+0x964>
  402a2a:	9a04      	ldr	r2, [sp, #16]
  402a2c:	428a      	cmp	r2, r1
  402a2e:	d105      	bne.n	402a3c <_dtoa_r+0xaa4>
  402a30:	9904      	ldr	r1, [sp, #16]
  402a32:	f10b 0b01 	add.w	fp, fp, #1
  402a36:	2231      	movs	r2, #49	; 0x31
  402a38:	700a      	strb	r2, [r1, #0]
  402a3a:	e738      	b.n	4028ae <_dtoa_r+0x916>
  402a3c:	460b      	mov	r3, r1
  402a3e:	e7b3      	b.n	4029a8 <_dtoa_r+0xa10>
  402a40:	4b09      	ldr	r3, [pc, #36]	; (402a68 <_dtoa_r+0xad0>)
  402a42:	f7ff bb0a 	b.w	40205a <_dtoa_r+0xc2>
  402a46:	9b1f      	ldr	r3, [sp, #124]	; 0x7c
  402a48:	2b00      	cmp	r3, #0
  402a4a:	f47f aae8 	bne.w	40201e <_dtoa_r+0x86>
  402a4e:	4b07      	ldr	r3, [pc, #28]	; (402a6c <_dtoa_r+0xad4>)
  402a50:	f7ff bb03 	b.w	40205a <_dtoa_r+0xc2>
  402a54:	9b06      	ldr	r3, [sp, #24]
  402a56:	2b00      	cmp	r3, #0
  402a58:	f73f af4f 	bgt.w	4028fa <_dtoa_r+0x962>
  402a5c:	9b07      	ldr	r3, [sp, #28]
  402a5e:	2b02      	cmp	r3, #2
  402a60:	f77f af4b 	ble.w	4028fa <_dtoa_r+0x962>
  402a64:	e70e      	b.n	402884 <_dtoa_r+0x8ec>
  402a66:	bf00      	nop
  402a68:	004032a0 	.word	0x004032a0
  402a6c:	004032a2 	.word	0x004032a2

00402a70 <__locale_ctype_ptr_l>:
  402a70:	f8d0 00ec 	ldr.w	r0, [r0, #236]	; 0xec
  402a74:	4770      	bx	lr
	...

00402a78 <_localeconv_r>:
  402a78:	4b04      	ldr	r3, [pc, #16]	; (402a8c <_localeconv_r+0x14>)
  402a7a:	681b      	ldr	r3, [r3, #0]
  402a7c:	6a18      	ldr	r0, [r3, #32]
  402a7e:	4b04      	ldr	r3, [pc, #16]	; (402a90 <_localeconv_r+0x18>)
  402a80:	2800      	cmp	r0, #0
  402a82:	bf08      	it	eq
  402a84:	4618      	moveq	r0, r3
  402a86:	30f0      	adds	r0, #240	; 0xf0
  402a88:	4770      	bx	lr
  402a8a:	bf00      	nop
  402a8c:	20400088 	.word	0x20400088
  402a90:	204000ec 	.word	0x204000ec

00402a94 <malloc>:
  402a94:	4b02      	ldr	r3, [pc, #8]	; (402aa0 <malloc+0xc>)
  402a96:	4601      	mov	r1, r0
  402a98:	6818      	ldr	r0, [r3, #0]
  402a9a:	f000 baf3 	b.w	403084 <_malloc_r>
  402a9e:	bf00      	nop
  402aa0:	20400088 	.word	0x20400088

00402aa4 <__ascii_mbtowc>:
  402aa4:	b082      	sub	sp, #8
  402aa6:	b901      	cbnz	r1, 402aaa <__ascii_mbtowc+0x6>
  402aa8:	a901      	add	r1, sp, #4
  402aaa:	b142      	cbz	r2, 402abe <__ascii_mbtowc+0x1a>
  402aac:	b14b      	cbz	r3, 402ac2 <__ascii_mbtowc+0x1e>
  402aae:	7813      	ldrb	r3, [r2, #0]
  402ab0:	600b      	str	r3, [r1, #0]
  402ab2:	7812      	ldrb	r2, [r2, #0]
  402ab4:	1c10      	adds	r0, r2, #0
  402ab6:	bf18      	it	ne
  402ab8:	2001      	movne	r0, #1
  402aba:	b002      	add	sp, #8
  402abc:	4770      	bx	lr
  402abe:	4610      	mov	r0, r2
  402ac0:	e7fb      	b.n	402aba <__ascii_mbtowc+0x16>
  402ac2:	f06f 0001 	mvn.w	r0, #1
  402ac6:	e7f8      	b.n	402aba <__ascii_mbtowc+0x16>

00402ac8 <_Balloc>:
  402ac8:	b570      	push	{r4, r5, r6, lr}
  402aca:	6a45      	ldr	r5, [r0, #36]	; 0x24
  402acc:	4604      	mov	r4, r0
  402ace:	460e      	mov	r6, r1
  402ad0:	b93d      	cbnz	r5, 402ae2 <_Balloc+0x1a>
  402ad2:	2010      	movs	r0, #16
  402ad4:	f7ff ffde 	bl	402a94 <malloc>
  402ad8:	6260      	str	r0, [r4, #36]	; 0x24
  402ada:	6045      	str	r5, [r0, #4]
  402adc:	6085      	str	r5, [r0, #8]
  402ade:	6005      	str	r5, [r0, #0]
  402ae0:	60c5      	str	r5, [r0, #12]
  402ae2:	6a65      	ldr	r5, [r4, #36]	; 0x24
  402ae4:	68eb      	ldr	r3, [r5, #12]
  402ae6:	b183      	cbz	r3, 402b0a <_Balloc+0x42>
  402ae8:	6a63      	ldr	r3, [r4, #36]	; 0x24
  402aea:	68db      	ldr	r3, [r3, #12]
  402aec:	f853 0026 	ldr.w	r0, [r3, r6, lsl #2]
  402af0:	b9b8      	cbnz	r0, 402b22 <_Balloc+0x5a>
  402af2:	2101      	movs	r1, #1
  402af4:	fa01 f506 	lsl.w	r5, r1, r6
  402af8:	1d6a      	adds	r2, r5, #5
  402afa:	0092      	lsls	r2, r2, #2
  402afc:	4620      	mov	r0, r4
  402afe:	f000 fab3 	bl	403068 <_calloc_r>
  402b02:	b160      	cbz	r0, 402b1e <_Balloc+0x56>
  402b04:	6046      	str	r6, [r0, #4]
  402b06:	6085      	str	r5, [r0, #8]
  402b08:	e00e      	b.n	402b28 <_Balloc+0x60>
  402b0a:	2221      	movs	r2, #33	; 0x21
  402b0c:	2104      	movs	r1, #4
  402b0e:	4620      	mov	r0, r4
  402b10:	f000 faaa 	bl	403068 <_calloc_r>
  402b14:	6a63      	ldr	r3, [r4, #36]	; 0x24
  402b16:	60e8      	str	r0, [r5, #12]
  402b18:	68db      	ldr	r3, [r3, #12]
  402b1a:	2b00      	cmp	r3, #0
  402b1c:	d1e4      	bne.n	402ae8 <_Balloc+0x20>
  402b1e:	2000      	movs	r0, #0
  402b20:	bd70      	pop	{r4, r5, r6, pc}
  402b22:	6802      	ldr	r2, [r0, #0]
  402b24:	f843 2026 	str.w	r2, [r3, r6, lsl #2]
  402b28:	2300      	movs	r3, #0
  402b2a:	6103      	str	r3, [r0, #16]
  402b2c:	60c3      	str	r3, [r0, #12]
  402b2e:	bd70      	pop	{r4, r5, r6, pc}

00402b30 <_Bfree>:
  402b30:	b570      	push	{r4, r5, r6, lr}
  402b32:	6a44      	ldr	r4, [r0, #36]	; 0x24
  402b34:	4606      	mov	r6, r0
  402b36:	460d      	mov	r5, r1
  402b38:	b93c      	cbnz	r4, 402b4a <_Bfree+0x1a>
  402b3a:	2010      	movs	r0, #16
  402b3c:	f7ff ffaa 	bl	402a94 <malloc>
  402b40:	6270      	str	r0, [r6, #36]	; 0x24
  402b42:	6044      	str	r4, [r0, #4]
  402b44:	6084      	str	r4, [r0, #8]
  402b46:	6004      	str	r4, [r0, #0]
  402b48:	60c4      	str	r4, [r0, #12]
  402b4a:	b13d      	cbz	r5, 402b5c <_Bfree+0x2c>
  402b4c:	6a73      	ldr	r3, [r6, #36]	; 0x24
  402b4e:	686a      	ldr	r2, [r5, #4]
  402b50:	68db      	ldr	r3, [r3, #12]
  402b52:	f853 1022 	ldr.w	r1, [r3, r2, lsl #2]
  402b56:	6029      	str	r1, [r5, #0]
  402b58:	f843 5022 	str.w	r5, [r3, r2, lsl #2]
  402b5c:	bd70      	pop	{r4, r5, r6, pc}

00402b5e <__multadd>:
  402b5e:	e92d 41f0 	stmdb	sp!, {r4, r5, r6, r7, r8, lr}
  402b62:	690d      	ldr	r5, [r1, #16]
  402b64:	461f      	mov	r7, r3
  402b66:	4606      	mov	r6, r0
  402b68:	460c      	mov	r4, r1
  402b6a:	f101 0e14 	add.w	lr, r1, #20
  402b6e:	2300      	movs	r3, #0
  402b70:	f8de 0000 	ldr.w	r0, [lr]
  402b74:	b281      	uxth	r1, r0
  402b76:	fb02 7101 	mla	r1, r2, r1, r7
  402b7a:	0c0f      	lsrs	r7, r1, #16
  402b7c:	0c00      	lsrs	r0, r0, #16
  402b7e:	fb02 7000 	mla	r0, r2, r0, r7
  402b82:	b289      	uxth	r1, r1
  402b84:	3301      	adds	r3, #1
  402b86:	eb01 4100 	add.w	r1, r1, r0, lsl #16
  402b8a:	429d      	cmp	r5, r3
  402b8c:	ea4f 4710 	mov.w	r7, r0, lsr #16
  402b90:	f84e 1b04 	str.w	r1, [lr], #4
  402b94:	dcec      	bgt.n	402b70 <__multadd+0x12>
  402b96:	b1d7      	cbz	r7, 402bce <__multadd+0x70>
  402b98:	68a3      	ldr	r3, [r4, #8]
  402b9a:	429d      	cmp	r5, r3
  402b9c:	db12      	blt.n	402bc4 <__multadd+0x66>
  402b9e:	6861      	ldr	r1, [r4, #4]
  402ba0:	4630      	mov	r0, r6
  402ba2:	3101      	adds	r1, #1
  402ba4:	f7ff ff90 	bl	402ac8 <_Balloc>
  402ba8:	6922      	ldr	r2, [r4, #16]
  402baa:	3202      	adds	r2, #2
  402bac:	f104 010c 	add.w	r1, r4, #12
  402bb0:	4680      	mov	r8, r0
  402bb2:	0092      	lsls	r2, r2, #2
  402bb4:	300c      	adds	r0, #12
  402bb6:	f7fe fce5 	bl	401584 <memcpy>
  402bba:	4621      	mov	r1, r4
  402bbc:	4630      	mov	r0, r6
  402bbe:	f7ff ffb7 	bl	402b30 <_Bfree>
  402bc2:	4644      	mov	r4, r8
  402bc4:	eb04 0385 	add.w	r3, r4, r5, lsl #2
  402bc8:	3501      	adds	r5, #1
  402bca:	615f      	str	r7, [r3, #20]
  402bcc:	6125      	str	r5, [r4, #16]
  402bce:	4620      	mov	r0, r4
  402bd0:	e8bd 81f0 	ldmia.w	sp!, {r4, r5, r6, r7, r8, pc}

00402bd4 <__hi0bits>:
  402bd4:	0c02      	lsrs	r2, r0, #16
  402bd6:	0412      	lsls	r2, r2, #16
  402bd8:	4603      	mov	r3, r0
  402bda:	b9b2      	cbnz	r2, 402c0a <__hi0bits+0x36>
  402bdc:	0403      	lsls	r3, r0, #16
  402bde:	2010      	movs	r0, #16
  402be0:	f013 4f7f 	tst.w	r3, #4278190080	; 0xff000000
  402be4:	bf04      	itt	eq
  402be6:	021b      	lsleq	r3, r3, #8
  402be8:	3008      	addeq	r0, #8
  402bea:	f013 4f70 	tst.w	r3, #4026531840	; 0xf0000000
  402bee:	bf04      	itt	eq
  402bf0:	011b      	lsleq	r3, r3, #4
  402bf2:	3004      	addeq	r0, #4
  402bf4:	f013 4f40 	tst.w	r3, #3221225472	; 0xc0000000
  402bf8:	bf04      	itt	eq
  402bfa:	009b      	lsleq	r3, r3, #2
  402bfc:	3002      	addeq	r0, #2
  402bfe:	2b00      	cmp	r3, #0
  402c00:	db06      	blt.n	402c10 <__hi0bits+0x3c>
  402c02:	005b      	lsls	r3, r3, #1
  402c04:	d503      	bpl.n	402c0e <__hi0bits+0x3a>
  402c06:	3001      	adds	r0, #1
  402c08:	4770      	bx	lr
  402c0a:	2000      	movs	r0, #0
  402c0c:	e7e8      	b.n	402be0 <__hi0bits+0xc>
  402c0e:	2020      	movs	r0, #32
  402c10:	4770      	bx	lr

00402c12 <__lo0bits>:
  402c12:	6803      	ldr	r3, [r0, #0]
  402c14:	f013 0207 	ands.w	r2, r3, #7
  402c18:	4601      	mov	r1, r0
  402c1a:	d00b      	beq.n	402c34 <__lo0bits+0x22>
  402c1c:	07da      	lsls	r2, r3, #31
  402c1e:	d423      	bmi.n	402c68 <__lo0bits+0x56>
  402c20:	0798      	lsls	r0, r3, #30
  402c22:	bf49      	itett	mi
  402c24:	085b      	lsrmi	r3, r3, #1
  402c26:	089b      	lsrpl	r3, r3, #2
  402c28:	2001      	movmi	r0, #1
  402c2a:	600b      	strmi	r3, [r1, #0]
  402c2c:	bf5c      	itt	pl
  402c2e:	600b      	strpl	r3, [r1, #0]
  402c30:	2002      	movpl	r0, #2
  402c32:	4770      	bx	lr
  402c34:	b298      	uxth	r0, r3
  402c36:	b9a8      	cbnz	r0, 402c64 <__lo0bits+0x52>
  402c38:	0c1b      	lsrs	r3, r3, #16
  402c3a:	2010      	movs	r0, #16
  402c3c:	f013 0fff 	tst.w	r3, #255	; 0xff
  402c40:	bf04      	itt	eq
  402c42:	0a1b      	lsreq	r3, r3, #8
  402c44:	3008      	addeq	r0, #8
  402c46:	071a      	lsls	r2, r3, #28
  402c48:	bf04      	itt	eq
  402c4a:	091b      	lsreq	r3, r3, #4
  402c4c:	3004      	addeq	r0, #4
  402c4e:	079a      	lsls	r2, r3, #30
  402c50:	bf04      	itt	eq
  402c52:	089b      	lsreq	r3, r3, #2
  402c54:	3002      	addeq	r0, #2
  402c56:	07da      	lsls	r2, r3, #31
  402c58:	d402      	bmi.n	402c60 <__lo0bits+0x4e>
  402c5a:	085b      	lsrs	r3, r3, #1
  402c5c:	d006      	beq.n	402c6c <__lo0bits+0x5a>
  402c5e:	3001      	adds	r0, #1
  402c60:	600b      	str	r3, [r1, #0]
  402c62:	4770      	bx	lr
  402c64:	4610      	mov	r0, r2
  402c66:	e7e9      	b.n	402c3c <__lo0bits+0x2a>
  402c68:	2000      	movs	r0, #0
  402c6a:	4770      	bx	lr
  402c6c:	2020      	movs	r0, #32
  402c6e:	4770      	bx	lr

00402c70 <__i2b>:
  402c70:	b510      	push	{r4, lr}
  402c72:	460c      	mov	r4, r1
  402c74:	2101      	movs	r1, #1
  402c76:	f7ff ff27 	bl	402ac8 <_Balloc>
  402c7a:	2201      	movs	r2, #1
  402c7c:	6144      	str	r4, [r0, #20]
  402c7e:	6102      	str	r2, [r0, #16]
  402c80:	bd10      	pop	{r4, pc}

00402c82 <__multiply>:
  402c82:	e92d 4ff7 	stmdb	sp!, {r0, r1, r2, r4, r5, r6, r7, r8, r9, sl, fp, lr}
  402c86:	4614      	mov	r4, r2
  402c88:	690a      	ldr	r2, [r1, #16]
  402c8a:	6923      	ldr	r3, [r4, #16]
  402c8c:	429a      	cmp	r2, r3
  402c8e:	bfb8      	it	lt
  402c90:	460b      	movlt	r3, r1
  402c92:	4689      	mov	r9, r1
  402c94:	bfbc      	itt	lt
  402c96:	46a1      	movlt	r9, r4
  402c98:	461c      	movlt	r4, r3
  402c9a:	f8d9 7010 	ldr.w	r7, [r9, #16]
  402c9e:	f8d4 a010 	ldr.w	sl, [r4, #16]
  402ca2:	f8d9 3008 	ldr.w	r3, [r9, #8]
  402ca6:	f8d9 1004 	ldr.w	r1, [r9, #4]
  402caa:	eb07 060a 	add.w	r6, r7, sl
  402cae:	429e      	cmp	r6, r3
  402cb0:	bfc8      	it	gt
  402cb2:	3101      	addgt	r1, #1
  402cb4:	f7ff ff08 	bl	402ac8 <_Balloc>
  402cb8:	f100 0514 	add.w	r5, r0, #20
  402cbc:	eb05 0886 	add.w	r8, r5, r6, lsl #2
  402cc0:	462b      	mov	r3, r5
  402cc2:	2200      	movs	r2, #0
  402cc4:	4543      	cmp	r3, r8
  402cc6:	d316      	bcc.n	402cf6 <__multiply+0x74>
  402cc8:	f104 0214 	add.w	r2, r4, #20
  402ccc:	f109 0114 	add.w	r1, r9, #20
  402cd0:	eb02 038a 	add.w	r3, r2, sl, lsl #2
  402cd4:	eb01 0787 	add.w	r7, r1, r7, lsl #2
  402cd8:	9301      	str	r3, [sp, #4]
  402cda:	9c01      	ldr	r4, [sp, #4]
  402cdc:	4294      	cmp	r4, r2
  402cde:	4613      	mov	r3, r2
  402ce0:	d80c      	bhi.n	402cfc <__multiply+0x7a>
  402ce2:	2e00      	cmp	r6, #0
  402ce4:	dd03      	ble.n	402cee <__multiply+0x6c>
  402ce6:	f858 3d04 	ldr.w	r3, [r8, #-4]!
  402cea:	2b00      	cmp	r3, #0
  402cec:	d054      	beq.n	402d98 <__multiply+0x116>
  402cee:	6106      	str	r6, [r0, #16]
  402cf0:	b003      	add	sp, #12
  402cf2:	e8bd 8ff0 	ldmia.w	sp!, {r4, r5, r6, r7, r8, r9, sl, fp, pc}
  402cf6:	f843 2b04 	str.w	r2, [r3], #4
  402cfa:	e7e3      	b.n	402cc4 <__multiply+0x42>
  402cfc:	f8b3 a000 	ldrh.w	sl, [r3]
  402d00:	3204      	adds	r2, #4
  402d02:	f1ba 0f00 	cmp.w	sl, #0
  402d06:	d020      	beq.n	402d4a <__multiply+0xc8>
  402d08:	46ae      	mov	lr, r5
  402d0a:	4689      	mov	r9, r1
  402d0c:	f04f 0c00 	mov.w	ip, #0
  402d10:	f859 4b04 	ldr.w	r4, [r9], #4
  402d14:	f8be b000 	ldrh.w	fp, [lr]
  402d18:	b2a3      	uxth	r3, r4
  402d1a:	fb0a b303 	mla	r3, sl, r3, fp
  402d1e:	ea4f 4b14 	mov.w	fp, r4, lsr #16
  402d22:	f8de 4000 	ldr.w	r4, [lr]
  402d26:	4463      	add	r3, ip
  402d28:	ea4f 4c14 	mov.w	ip, r4, lsr #16
  402d2c:	fb0a c40b 	mla	r4, sl, fp, ip
  402d30:	eb04 4413 	add.w	r4, r4, r3, lsr #16
  402d34:	b29b      	uxth	r3, r3
  402d36:	ea43 4304 	orr.w	r3, r3, r4, lsl #16
  402d3a:	454f      	cmp	r7, r9
  402d3c:	ea4f 4c14 	mov.w	ip, r4, lsr #16
  402d40:	f84e 3b04 	str.w	r3, [lr], #4
  402d44:	d8e4      	bhi.n	402d10 <__multiply+0x8e>
  402d46:	f8ce c000 	str.w	ip, [lr]
  402d4a:	f832 9c02 	ldrh.w	r9, [r2, #-2]
  402d4e:	f1b9 0f00 	cmp.w	r9, #0
  402d52:	d01f      	beq.n	402d94 <__multiply+0x112>
  402d54:	682b      	ldr	r3, [r5, #0]
  402d56:	46ae      	mov	lr, r5
  402d58:	468c      	mov	ip, r1
  402d5a:	f04f 0a00 	mov.w	sl, #0
  402d5e:	f8bc 4000 	ldrh.w	r4, [ip]
  402d62:	f8be b002 	ldrh.w	fp, [lr, #2]
  402d66:	fb09 b404 	mla	r4, r9, r4, fp
  402d6a:	44a2      	add	sl, r4
  402d6c:	b29b      	uxth	r3, r3
  402d6e:	ea43 430a 	orr.w	r3, r3, sl, lsl #16
  402d72:	f84e 3b04 	str.w	r3, [lr], #4
  402d76:	f85c 3b04 	ldr.w	r3, [ip], #4
  402d7a:	f8be 4000 	ldrh.w	r4, [lr]
  402d7e:	0c1b      	lsrs	r3, r3, #16
  402d80:	fb09 4303 	mla	r3, r9, r3, r4
  402d84:	eb03 431a 	add.w	r3, r3, sl, lsr #16
  402d88:	4567      	cmp	r7, ip
  402d8a:	ea4f 4a13 	mov.w	sl, r3, lsr #16
  402d8e:	d8e6      	bhi.n	402d5e <__multiply+0xdc>
  402d90:	f8ce 3000 	str.w	r3, [lr]
  402d94:	3504      	adds	r5, #4
  402d96:	e7a0      	b.n	402cda <__multiply+0x58>
  402d98:	3e01      	subs	r6, #1
  402d9a:	e7a2      	b.n	402ce2 <__multiply+0x60>

00402d9c <__pow5mult>:
  402d9c:	e92d 43f8 	stmdb	sp!, {r3, r4, r5, r6, r7, r8, r9, lr}
  402da0:	4615      	mov	r5, r2
  402da2:	f012 0203 	ands.w	r2, r2, #3
  402da6:	4606      	mov	r6, r0
  402da8:	460f      	mov	r7, r1
  402daa:	d007      	beq.n	402dbc <__pow5mult+0x20>
  402dac:	3a01      	subs	r2, #1
  402dae:	4c21      	ldr	r4, [pc, #132]	; (402e34 <__pow5mult+0x98>)
  402db0:	2300      	movs	r3, #0
  402db2:	f854 2022 	ldr.w	r2, [r4, r2, lsl #2]
  402db6:	f7ff fed2 	bl	402b5e <__multadd>
  402dba:	4607      	mov	r7, r0
  402dbc:	10ad      	asrs	r5, r5, #2
  402dbe:	d035      	beq.n	402e2c <__pow5mult+0x90>
  402dc0:	6a74      	ldr	r4, [r6, #36]	; 0x24
  402dc2:	b93c      	cbnz	r4, 402dd4 <__pow5mult+0x38>
  402dc4:	2010      	movs	r0, #16
  402dc6:	f7ff fe65 	bl	402a94 <malloc>
  402dca:	6270      	str	r0, [r6, #36]	; 0x24
  402dcc:	6044      	str	r4, [r0, #4]
  402dce:	6084      	str	r4, [r0, #8]
  402dd0:	6004      	str	r4, [r0, #0]
  402dd2:	60c4      	str	r4, [r0, #12]
  402dd4:	f8d6 8024 	ldr.w	r8, [r6, #36]	; 0x24
  402dd8:	f8d8 4008 	ldr.w	r4, [r8, #8]
  402ddc:	b94c      	cbnz	r4, 402df2 <__pow5mult+0x56>
  402dde:	f240 2171 	movw	r1, #625	; 0x271
  402de2:	4630      	mov	r0, r6
  402de4:	f7ff ff44 	bl	402c70 <__i2b>
  402de8:	2300      	movs	r3, #0
  402dea:	f8c8 0008 	str.w	r0, [r8, #8]
  402dee:	4604      	mov	r4, r0
  402df0:	6003      	str	r3, [r0, #0]
  402df2:	f04f 0800 	mov.w	r8, #0
  402df6:	07eb      	lsls	r3, r5, #31
  402df8:	d50a      	bpl.n	402e10 <__pow5mult+0x74>
  402dfa:	4639      	mov	r1, r7
  402dfc:	4622      	mov	r2, r4
  402dfe:	4630      	mov	r0, r6
  402e00:	f7ff ff3f 	bl	402c82 <__multiply>
  402e04:	4639      	mov	r1, r7
  402e06:	4681      	mov	r9, r0
  402e08:	4630      	mov	r0, r6
  402e0a:	f7ff fe91 	bl	402b30 <_Bfree>
  402e0e:	464f      	mov	r7, r9
  402e10:	106d      	asrs	r5, r5, #1
  402e12:	d00b      	beq.n	402e2c <__pow5mult+0x90>
  402e14:	6820      	ldr	r0, [r4, #0]
  402e16:	b938      	cbnz	r0, 402e28 <__pow5mult+0x8c>
  402e18:	4622      	mov	r2, r4
  402e1a:	4621      	mov	r1, r4
  402e1c:	4630      	mov	r0, r6
  402e1e:	f7ff ff30 	bl	402c82 <__multiply>
  402e22:	6020      	str	r0, [r4, #0]
  402e24:	f8c0 8000 	str.w	r8, [r0]
  402e28:	4604      	mov	r4, r0
  402e2a:	e7e4      	b.n	402df6 <__pow5mult+0x5a>
  402e2c:	4638      	mov	r0, r7
  402e2e:	e8bd 83f8 	ldmia.w	sp!, {r3, r4, r5, r6, r7, r8, r9, pc}
  402e32:	bf00      	nop
  402e34:	00403410 	.word	0x00403410

00402e38 <__lshift>:
  402e38:	e92d 47f0 	stmdb	sp!, {r4, r5, r6, r7, r8, r9, sl, lr}
  402e3c:	460c      	mov	r4, r1
  402e3e:	ea4f 1a62 	mov.w	sl, r2, asr #5
  402e42:	6923      	ldr	r3, [r4, #16]
  402e44:	6849      	ldr	r1, [r1, #4]
  402e46:	eb0a 0903 	add.w	r9, sl, r3
  402e4a:	68a3      	ldr	r3, [r4, #8]
  402e4c:	4607      	mov	r7, r0
  402e4e:	4616      	mov	r6, r2
  402e50:	f109 0501 	add.w	r5, r9, #1
  402e54:	42ab      	cmp	r3, r5
  402e56:	db31      	blt.n	402ebc <__lshift+0x84>
  402e58:	4638      	mov	r0, r7
  402e5a:	f7ff fe35 	bl	402ac8 <_Balloc>
  402e5e:	2200      	movs	r2, #0
  402e60:	4680      	mov	r8, r0
  402e62:	f100 0314 	add.w	r3, r0, #20
  402e66:	4611      	mov	r1, r2
  402e68:	4552      	cmp	r2, sl
  402e6a:	db2a      	blt.n	402ec2 <__lshift+0x8a>
  402e6c:	6920      	ldr	r0, [r4, #16]
  402e6e:	ea2a 7aea 	bic.w	sl, sl, sl, asr #31
  402e72:	f104 0114 	add.w	r1, r4, #20
  402e76:	f016 021f 	ands.w	r2, r6, #31
  402e7a:	eb03 038a 	add.w	r3, r3, sl, lsl #2
  402e7e:	eb01 0e80 	add.w	lr, r1, r0, lsl #2
  402e82:	d022      	beq.n	402eca <__lshift+0x92>
  402e84:	f1c2 0c20 	rsb	ip, r2, #32
  402e88:	2000      	movs	r0, #0
  402e8a:	680e      	ldr	r6, [r1, #0]
  402e8c:	4096      	lsls	r6, r2
  402e8e:	4330      	orrs	r0, r6
  402e90:	f843 0b04 	str.w	r0, [r3], #4
  402e94:	f851 0b04 	ldr.w	r0, [r1], #4
  402e98:	458e      	cmp	lr, r1
  402e9a:	fa20 f00c 	lsr.w	r0, r0, ip
  402e9e:	d8f4      	bhi.n	402e8a <__lshift+0x52>
  402ea0:	6018      	str	r0, [r3, #0]
  402ea2:	b108      	cbz	r0, 402ea8 <__lshift+0x70>
  402ea4:	f109 0502 	add.w	r5, r9, #2
  402ea8:	3d01      	subs	r5, #1
  402eaa:	4638      	mov	r0, r7
  402eac:	f8c8 5010 	str.w	r5, [r8, #16]
  402eb0:	4621      	mov	r1, r4
  402eb2:	f7ff fe3d 	bl	402b30 <_Bfree>
  402eb6:	4640      	mov	r0, r8
  402eb8:	e8bd 87f0 	ldmia.w	sp!, {r4, r5, r6, r7, r8, r9, sl, pc}
  402ebc:	3101      	adds	r1, #1
  402ebe:	005b      	lsls	r3, r3, #1
  402ec0:	e7c8      	b.n	402e54 <__lshift+0x1c>
  402ec2:	f843 1022 	str.w	r1, [r3, r2, lsl #2]
  402ec6:	3201      	adds	r2, #1
  402ec8:	e7ce      	b.n	402e68 <__lshift+0x30>
  402eca:	3b04      	subs	r3, #4
  402ecc:	f851 2b04 	ldr.w	r2, [r1], #4
  402ed0:	f843 2f04 	str.w	r2, [r3, #4]!
  402ed4:	458e      	cmp	lr, r1
  402ed6:	d8f9      	bhi.n	402ecc <__lshift+0x94>
  402ed8:	e7e6      	b.n	402ea8 <__lshift+0x70>

00402eda <__mcmp>:
  402eda:	6903      	ldr	r3, [r0, #16]
  402edc:	690a      	ldr	r2, [r1, #16]
  402ede:	1a9b      	subs	r3, r3, r2
  402ee0:	b530      	push	{r4, r5, lr}
  402ee2:	d10c      	bne.n	402efe <__mcmp+0x24>
  402ee4:	0092      	lsls	r2, r2, #2
  402ee6:	3014      	adds	r0, #20
  402ee8:	3114      	adds	r1, #20
  402eea:	1884      	adds	r4, r0, r2
  402eec:	4411      	add	r1, r2
  402eee:	f854 5d04 	ldr.w	r5, [r4, #-4]!
  402ef2:	f851 2d04 	ldr.w	r2, [r1, #-4]!
  402ef6:	4295      	cmp	r5, r2
  402ef8:	d003      	beq.n	402f02 <__mcmp+0x28>
  402efa:	d305      	bcc.n	402f08 <__mcmp+0x2e>
  402efc:	2301      	movs	r3, #1
  402efe:	4618      	mov	r0, r3
  402f00:	bd30      	pop	{r4, r5, pc}
  402f02:	42a0      	cmp	r0, r4
  402f04:	d3f3      	bcc.n	402eee <__mcmp+0x14>
  402f06:	e7fa      	b.n	402efe <__mcmp+0x24>
  402f08:	f04f 33ff 	mov.w	r3, #4294967295
  402f0c:	e7f7      	b.n	402efe <__mcmp+0x24>

00402f0e <__mdiff>:
  402f0e:	e92d 47f0 	stmdb	sp!, {r4, r5, r6, r7, r8, r9, sl, lr}
  402f12:	460d      	mov	r5, r1
  402f14:	4607      	mov	r7, r0
  402f16:	4611      	mov	r1, r2
  402f18:	4628      	mov	r0, r5
  402f1a:	4614      	mov	r4, r2
  402f1c:	f7ff ffdd 	bl	402eda <__mcmp>
  402f20:	1e06      	subs	r6, r0, #0
  402f22:	d108      	bne.n	402f36 <__mdiff+0x28>
  402f24:	4631      	mov	r1, r6
  402f26:	4638      	mov	r0, r7
  402f28:	f7ff fdce 	bl	402ac8 <_Balloc>
  402f2c:	2301      	movs	r3, #1
  402f2e:	6103      	str	r3, [r0, #16]
  402f30:	6146      	str	r6, [r0, #20]
  402f32:	e8bd 87f0 	ldmia.w	sp!, {r4, r5, r6, r7, r8, r9, sl, pc}
  402f36:	bfa4      	itt	ge
  402f38:	4623      	movge	r3, r4
  402f3a:	462c      	movge	r4, r5
  402f3c:	4638      	mov	r0, r7
  402f3e:	6861      	ldr	r1, [r4, #4]
  402f40:	bfa6      	itte	ge
  402f42:	461d      	movge	r5, r3
  402f44:	2600      	movge	r6, #0
  402f46:	2601      	movlt	r6, #1
  402f48:	f7ff fdbe 	bl	402ac8 <_Balloc>
  402f4c:	692b      	ldr	r3, [r5, #16]
  402f4e:	60c6      	str	r6, [r0, #12]
  402f50:	6926      	ldr	r6, [r4, #16]
  402f52:	f105 0914 	add.w	r9, r5, #20
  402f56:	f104 0214 	add.w	r2, r4, #20
  402f5a:	eb02 0786 	add.w	r7, r2, r6, lsl #2
  402f5e:	eb09 0883 	add.w	r8, r9, r3, lsl #2
  402f62:	f100 0514 	add.w	r5, r0, #20
  402f66:	f04f 0c00 	mov.w	ip, #0
  402f6a:	f852 ab04 	ldr.w	sl, [r2], #4
  402f6e:	f859 4b04 	ldr.w	r4, [r9], #4
  402f72:	fa1c f18a 	uxtah	r1, ip, sl
  402f76:	b2a3      	uxth	r3, r4
  402f78:	1ac9      	subs	r1, r1, r3
  402f7a:	0c23      	lsrs	r3, r4, #16
  402f7c:	ebc3 431a 	rsb	r3, r3, sl, lsr #16
  402f80:	eb03 4321 	add.w	r3, r3, r1, asr #16
  402f84:	b289      	uxth	r1, r1
  402f86:	ea4f 4c23 	mov.w	ip, r3, asr #16
  402f8a:	45c8      	cmp	r8, r9
  402f8c:	ea41 4303 	orr.w	r3, r1, r3, lsl #16
  402f90:	4696      	mov	lr, r2
  402f92:	f845 3b04 	str.w	r3, [r5], #4
  402f96:	d8e8      	bhi.n	402f6a <__mdiff+0x5c>
  402f98:	45be      	cmp	lr, r7
  402f9a:	d305      	bcc.n	402fa8 <__mdiff+0x9a>
  402f9c:	f855 3d04 	ldr.w	r3, [r5, #-4]!
  402fa0:	b18b      	cbz	r3, 402fc6 <__mdiff+0xb8>
  402fa2:	6106      	str	r6, [r0, #16]
  402fa4:	e8bd 87f0 	ldmia.w	sp!, {r4, r5, r6, r7, r8, r9, sl, pc}
  402fa8:	f85e 1b04 	ldr.w	r1, [lr], #4
  402fac:	fa1c f381 	uxtah	r3, ip, r1
  402fb0:	141a      	asrs	r2, r3, #16
  402fb2:	eb02 4211 	add.w	r2, r2, r1, lsr #16
  402fb6:	b29b      	uxth	r3, r3
  402fb8:	ea43 4302 	orr.w	r3, r3, r2, lsl #16
  402fbc:	ea4f 4c22 	mov.w	ip, r2, asr #16
  402fc0:	f845 3b04 	str.w	r3, [r5], #4
  402fc4:	e7e8      	b.n	402f98 <__mdiff+0x8a>
  402fc6:	3e01      	subs	r6, #1
  402fc8:	e7e8      	b.n	402f9c <__mdiff+0x8e>

00402fca <__d2b>:
  402fca:	e92d 43f7 	stmdb	sp!, {r0, r1, r2, r4, r5, r6, r7, r8, r9, lr}
  402fce:	460e      	mov	r6, r1
  402fd0:	2101      	movs	r1, #1
  402fd2:	ec59 8b10 	vmov	r8, r9, d0
  402fd6:	4615      	mov	r5, r2
  402fd8:	f7ff fd76 	bl	402ac8 <_Balloc>
  402fdc:	f3c9 540a 	ubfx	r4, r9, #20, #11
  402fe0:	4607      	mov	r7, r0
  402fe2:	f3c9 0313 	ubfx	r3, r9, #0, #20
  402fe6:	bb34      	cbnz	r4, 403036 <__d2b+0x6c>
  402fe8:	9301      	str	r3, [sp, #4]
  402fea:	f1b8 0f00 	cmp.w	r8, #0
  402fee:	d027      	beq.n	403040 <__d2b+0x76>
  402ff0:	a802      	add	r0, sp, #8
  402ff2:	f840 8d08 	str.w	r8, [r0, #-8]!
  402ff6:	f7ff fe0c 	bl	402c12 <__lo0bits>
  402ffa:	9900      	ldr	r1, [sp, #0]
  402ffc:	b1f0      	cbz	r0, 40303c <__d2b+0x72>
  402ffe:	9a01      	ldr	r2, [sp, #4]
  403000:	f1c0 0320 	rsb	r3, r0, #32
  403004:	fa02 f303 	lsl.w	r3, r2, r3
  403008:	430b      	orrs	r3, r1
  40300a:	40c2      	lsrs	r2, r0
  40300c:	617b      	str	r3, [r7, #20]
  40300e:	9201      	str	r2, [sp, #4]
  403010:	9b01      	ldr	r3, [sp, #4]
  403012:	61bb      	str	r3, [r7, #24]
  403014:	2b00      	cmp	r3, #0
  403016:	bf14      	ite	ne
  403018:	2102      	movne	r1, #2
  40301a:	2101      	moveq	r1, #1
  40301c:	6139      	str	r1, [r7, #16]
  40301e:	b1c4      	cbz	r4, 403052 <__d2b+0x88>
  403020:	f2a4 4433 	subw	r4, r4, #1075	; 0x433
  403024:	4404      	add	r4, r0
  403026:	6034      	str	r4, [r6, #0]
  403028:	f1c0 0035 	rsb	r0, r0, #53	; 0x35
  40302c:	6028      	str	r0, [r5, #0]
  40302e:	4638      	mov	r0, r7
  403030:	b003      	add	sp, #12
  403032:	e8bd 83f0 	ldmia.w	sp!, {r4, r5, r6, r7, r8, r9, pc}
  403036:	f443 1380 	orr.w	r3, r3, #1048576	; 0x100000
  40303a:	e7d5      	b.n	402fe8 <__d2b+0x1e>
  40303c:	6179      	str	r1, [r7, #20]
  40303e:	e7e7      	b.n	403010 <__d2b+0x46>
  403040:	a801      	add	r0, sp, #4
  403042:	f7ff fde6 	bl	402c12 <__lo0bits>
  403046:	9b01      	ldr	r3, [sp, #4]
  403048:	617b      	str	r3, [r7, #20]
  40304a:	2101      	movs	r1, #1
  40304c:	6139      	str	r1, [r7, #16]
  40304e:	3020      	adds	r0, #32
  403050:	e7e5      	b.n	40301e <__d2b+0x54>
  403052:	eb07 0381 	add.w	r3, r7, r1, lsl #2
  403056:	f2a0 4032 	subw	r0, r0, #1074	; 0x432
  40305a:	6030      	str	r0, [r6, #0]
  40305c:	6918      	ldr	r0, [r3, #16]
  40305e:	f7ff fdb9 	bl	402bd4 <__hi0bits>
  403062:	ebc0 1041 	rsb	r0, r0, r1, lsl #5
  403066:	e7e1      	b.n	40302c <__d2b+0x62>

00403068 <_calloc_r>:
  403068:	b538      	push	{r3, r4, r5, lr}
  40306a:	fb02 f401 	mul.w	r4, r2, r1
  40306e:	4621      	mov	r1, r4
  403070:	f000 f808 	bl	403084 <_malloc_r>
  403074:	4605      	mov	r5, r0
  403076:	b118      	cbz	r0, 403080 <_calloc_r+0x18>
  403078:	4622      	mov	r2, r4
  40307a:	2100      	movs	r1, #0
  40307c:	f7fe fa8d 	bl	40159a <memset>
  403080:	4628      	mov	r0, r5
  403082:	bd38      	pop	{r3, r4, r5, pc}

00403084 <_malloc_r>:
  403084:	b570      	push	{r4, r5, r6, lr}
  403086:	1ccd      	adds	r5, r1, #3
  403088:	f025 0503 	bic.w	r5, r5, #3
  40308c:	3508      	adds	r5, #8
  40308e:	2d0c      	cmp	r5, #12
  403090:	bf38      	it	cc
  403092:	250c      	movcc	r5, #12
  403094:	2d00      	cmp	r5, #0
  403096:	4606      	mov	r6, r0
  403098:	db01      	blt.n	40309e <_malloc_r+0x1a>
  40309a:	42a9      	cmp	r1, r5
  40309c:	d903      	bls.n	4030a6 <_malloc_r+0x22>
  40309e:	230c      	movs	r3, #12
  4030a0:	6033      	str	r3, [r6, #0]
  4030a2:	2000      	movs	r0, #0
  4030a4:	bd70      	pop	{r4, r5, r6, pc}
  4030a6:	f000 f868 	bl	40317a <__malloc_lock>
  4030aa:	4a23      	ldr	r2, [pc, #140]	; (403138 <_malloc_r+0xb4>)
  4030ac:	6814      	ldr	r4, [r2, #0]
  4030ae:	4621      	mov	r1, r4
  4030b0:	b991      	cbnz	r1, 4030d8 <_malloc_r+0x54>
  4030b2:	4c22      	ldr	r4, [pc, #136]	; (40313c <_malloc_r+0xb8>)
  4030b4:	6823      	ldr	r3, [r4, #0]
  4030b6:	b91b      	cbnz	r3, 4030c0 <_malloc_r+0x3c>
  4030b8:	4630      	mov	r0, r6
  4030ba:	f000 f841 	bl	403140 <_sbrk_r>
  4030be:	6020      	str	r0, [r4, #0]
  4030c0:	4629      	mov	r1, r5
  4030c2:	4630      	mov	r0, r6
  4030c4:	f000 f83c 	bl	403140 <_sbrk_r>
  4030c8:	1c43      	adds	r3, r0, #1
  4030ca:	d126      	bne.n	40311a <_malloc_r+0x96>
  4030cc:	230c      	movs	r3, #12
  4030ce:	6033      	str	r3, [r6, #0]
  4030d0:	4630      	mov	r0, r6
  4030d2:	f000 f853 	bl	40317c <__malloc_unlock>
  4030d6:	e7e4      	b.n	4030a2 <_malloc_r+0x1e>
  4030d8:	680b      	ldr	r3, [r1, #0]
  4030da:	1b5b      	subs	r3, r3, r5
  4030dc:	d41a      	bmi.n	403114 <_malloc_r+0x90>
  4030de:	2b0b      	cmp	r3, #11
  4030e0:	d90f      	bls.n	403102 <_malloc_r+0x7e>
  4030e2:	600b      	str	r3, [r1, #0]
  4030e4:	50cd      	str	r5, [r1, r3]
  4030e6:	18cc      	adds	r4, r1, r3
  4030e8:	4630      	mov	r0, r6
  4030ea:	f000 f847 	bl	40317c <__malloc_unlock>
  4030ee:	f104 000b 	add.w	r0, r4, #11
  4030f2:	1d23      	adds	r3, r4, #4
  4030f4:	f020 0007 	bic.w	r0, r0, #7
  4030f8:	1ac3      	subs	r3, r0, r3
  4030fa:	d01b      	beq.n	403134 <_malloc_r+0xb0>
  4030fc:	425a      	negs	r2, r3
  4030fe:	50e2      	str	r2, [r4, r3]
  403100:	bd70      	pop	{r4, r5, r6, pc}
  403102:	428c      	cmp	r4, r1
  403104:	bf0d      	iteet	eq
  403106:	6863      	ldreq	r3, [r4, #4]
  403108:	684b      	ldrne	r3, [r1, #4]
  40310a:	6063      	strne	r3, [r4, #4]
  40310c:	6013      	streq	r3, [r2, #0]
  40310e:	bf18      	it	ne
  403110:	460c      	movne	r4, r1
  403112:	e7e9      	b.n	4030e8 <_malloc_r+0x64>
  403114:	460c      	mov	r4, r1
  403116:	6849      	ldr	r1, [r1, #4]
  403118:	e7ca      	b.n	4030b0 <_malloc_r+0x2c>
  40311a:	1cc4      	adds	r4, r0, #3
  40311c:	f024 0403 	bic.w	r4, r4, #3
  403120:	42a0      	cmp	r0, r4
  403122:	d005      	beq.n	403130 <_malloc_r+0xac>
  403124:	1a21      	subs	r1, r4, r0
  403126:	4630      	mov	r0, r6
  403128:	f000 f80a 	bl	403140 <_sbrk_r>
  40312c:	3001      	adds	r0, #1
  40312e:	d0cd      	beq.n	4030cc <_malloc_r+0x48>
  403130:	6025      	str	r5, [r4, #0]
  403132:	e7d9      	b.n	4030e8 <_malloc_r+0x64>
  403134:	bd70      	pop	{r4, r5, r6, pc}
  403136:	bf00      	nop
  403138:	204026a0 	.word	0x204026a0
  40313c:	204026a4 	.word	0x204026a4

00403140 <_sbrk_r>:
  403140:	b538      	push	{r3, r4, r5, lr}
  403142:	4c06      	ldr	r4, [pc, #24]	; (40315c <_sbrk_r+0x1c>)
  403144:	2300      	movs	r3, #0
  403146:	4605      	mov	r5, r0
  403148:	4608      	mov	r0, r1
  40314a:	6023      	str	r3, [r4, #0]
  40314c:	f7fd fc5c 	bl	400a08 <_sbrk>
  403150:	1c43      	adds	r3, r0, #1
  403152:	d102      	bne.n	40315a <_sbrk_r+0x1a>
  403154:	6823      	ldr	r3, [r4, #0]
  403156:	b103      	cbz	r3, 40315a <_sbrk_r+0x1a>
  403158:	602b      	str	r3, [r5, #0]
  40315a:	bd38      	pop	{r3, r4, r5, pc}
  40315c:	20402d44 	.word	0x20402d44

00403160 <__ascii_wctomb>:
  403160:	b149      	cbz	r1, 403176 <__ascii_wctomb+0x16>
  403162:	2aff      	cmp	r2, #255	; 0xff
  403164:	bf85      	ittet	hi
  403166:	238a      	movhi	r3, #138	; 0x8a
  403168:	6003      	strhi	r3, [r0, #0]
  40316a:	700a      	strbls	r2, [r1, #0]
  40316c:	f04f 30ff 	movhi.w	r0, #4294967295
  403170:	bf98      	it	ls
  403172:	2001      	movls	r0, #1
  403174:	4770      	bx	lr
  403176:	4608      	mov	r0, r1
  403178:	4770      	bx	lr

0040317a <__malloc_lock>:
  40317a:	4770      	bx	lr

0040317c <__malloc_unlock>:
  40317c:	4770      	bx	lr
  40317e:	0000      	movs	r0, r0
  403180:	682f2e2e 	.word	0x682f2e2e
  403184:	732f6c61 	.word	0x732f6c61
  403188:	682f6372 	.word	0x682f6372
  40318c:	665f6c61 	.word	0x665f6c61
  403190:	6873616c 	.word	0x6873616c
  403194:	0000632e 	.word	0x0000632e
  403198:	682f2e2e 	.word	0x682f2e2e
  40319c:	732f6c61 	.word	0x732f6c61
  4031a0:	682f6372 	.word	0x682f6372
  4031a4:	695f6c61 	.word	0x695f6c61
  4031a8:	00632e6f 	.word	0x00632e6f
  4031ac:	682f2e2e 	.word	0x682f2e2e
  4031b0:	732f6c61 	.word	0x732f6c61
  4031b4:	682f6372 	.word	0x682f6372
  4031b8:	755f6c61 	.word	0x755f6c61
  4031bc:	74726173 	.word	0x74726173
  4031c0:	7973615f 	.word	0x7973615f
  4031c4:	632e636e 	.word	0x632e636e
  4031c8:	00000000 	.word	0x00000000
  4031cc:	682f2e2e 	.word	0x682f2e2e
  4031d0:	752f6c61 	.word	0x752f6c61
  4031d4:	736c6974 	.word	0x736c6974
  4031d8:	6372732f 	.word	0x6372732f
  4031dc:	6974752f 	.word	0x6974752f
  4031e0:	725f736c 	.word	0x725f736c
  4031e4:	62676e69 	.word	0x62676e69
  4031e8:	65666675 	.word	0x65666675
  4031ec:	00632e72 	.word	0x00632e72
  4031f0:	682f2e2e 	.word	0x682f2e2e
  4031f4:	652f6c70 	.word	0x652f6c70
  4031f8:	682f6366 	.word	0x682f6366
  4031fc:	655f6c70 	.word	0x655f6c70
  403200:	632e6366 	.word	0x632e6366
  403204:	00000000 	.word	0x00000000

00403208 <_usarts>:
  403208:	00000000 001008c0 00030051 682f2e2e     ........Q...../h
  403218:	752f6c70 74726173 6c70682f 6173755f     pl/usart/hpl_usa
  403228:	632e7472 00000000 7265762e 73796669     rt.c.....verifys
  403238:	65636375 000a7373 6972772e 6f636574     uccess...writeco
  403248:	656c706d 000a6574 6172652e 6f636573     mplete...eraseco
  403258:	656c706d 000a6574 6f6f622e 616f6c74     mplete...bootloa
  403268:	72726564 000a6e75 43454843 0000004b     derrun..CHECK...
  403278:	54495257 00000045 53415245 00000045     WRITE...ERASE...
  403288:	4e49502d 00000047 00464e49 00666e69     -PING...INF.inf.
  403298:	004e414e 006e616e 6e490030 696e6966     NAN.nan.0.Infini
  4032a8:	4e007974 00004e61                       ty.NaN..

004032b0 <__sf_fake_stderr>:
	...

004032d0 <__sf_fake_stdin>:
	...

004032f0 <__sf_fake_stdout>:
	...
  403310:	4f500043 00584953 0000002e 00000000     C.POSIX.........

00403320 <__mprec_bigtens>:
  403320:	37e08000 4341c379 b5056e17 4693b8b5     ...7y.AC.n.....F
  403330:	e93ff9f5 4d384f03 f9301d32 5a827748     ..?..O8M2.0.Hw.Z
  403340:	7f73bf3c 75154fdd                       <.s..O.u

00403348 <__mprec_tens>:
  403348:	00000000 3ff00000 00000000 40240000     .......?......$@
  403358:	00000000 40590000 00000000 408f4000     ......Y@.....@.@
  403368:	00000000 40c38800 00000000 40f86a00     .......@.....j.@
  403378:	00000000 412e8480 00000000 416312d0     .......A......cA
  403388:	00000000 4197d784 00000000 41cdcd65     .......A....e..A
  403398:	20000000 4202a05f e8000000 42374876     ... _..B....vH7B
  4033a8:	a2000000 426d1a94 e5400000 42a2309c     ......mB..@..0.B
  4033b8:	1e900000 42d6bcc4 26340000 430c6bf5     .......B..4&.k.C
  4033c8:	37e08000 4341c379 85d8a000 43763457     ...7y.AC....W4vC
  4033d8:	674ec800 43abc16d 60913d00 43e158e4     ..Ngm..C.=.`.X.C
  4033e8:	78b58c40 4415af1d d6e2ef50 444b1ae4     @..x...DP.....KD
  4033f8:	064dd592 4480f0cf c7e14af6 44b52d02     ..M....D.J...-.D
  403408:	79d99db4 44ea7843                       ...yCx.D

00403410 <p05.7170>:
  403410:	00000005 00000019 0000007d              ........}...

0040341c <_ctype_>:
  40341c:	20202000 20202020 28282020 20282828     .         ((((( 
  40342c:	20202020 20202020 20202020 20202020                     
  40343c:	10108820 10101010 10101010 10101010      ...............
  40344c:	04040410 04040404 10040404 10101010     ................
  40345c:	41411010 41414141 01010101 01010101     ..AAAAAA........
  40346c:	01010101 01010101 01010101 10101010     ................
  40347c:	42421010 42424242 02020202 02020202     ..BBBBBB........
  40348c:	02020202 02020202 02020202 10101010     ................
  40349c:	00000020 00000000 00000000 00000000      ...............
	...

00403520 <_init>:
  403520:	b5f8      	push	{r3, r4, r5, r6, r7, lr}
  403522:	bf00      	nop
  403524:	bcf8      	pop	{r3, r4, r5, r6, r7}
  403526:	bc08      	pop	{r3}
  403528:	469e      	mov	lr, r3
  40352a:	4770      	bx	lr

0040352c <__init_array_start>:
  40352c:	0040018d 	.word	0x0040018d

00403530 <_fini>:
  403530:	b5f8      	push	{r3, r4, r5, r6, r7, lr}
  403532:	bf00      	nop
  403534:	bcf8      	pop	{r3, r4, r5, r6, r7}
  403536:	bc08      	pop	{r3}
  403538:	469e      	mov	lr, r3
  40353a:	4770      	bx	lr

0040353c <__fini_array_start>:
  40353c:	00400169 	.word	0x00400169

Disassembly of section .relocate:

20400000 <_efc_erase_pages>:
20400000:	6883      	ldr	r3, [r0, #8]
	while (!hri_efc_get_EEFC_FSR_FRDY_bit(hw)) {
20400002:	f013 0f01 	tst.w	r3, #1
20400006:	d0fb      	beq.n	20400000 <_efc_erase_pages>
	hri_efc_write_EEFC_FCR_reg(hw, EEFC_FCR_FCMD_EPA | EEFC_FCR_FARG(epa_arg) | EEFC_FCR_FKEY_PASSWD);
20400008:	4b03      	ldr	r3, [pc, #12]	; (20400018 <_efc_erase_pages+0x18>)
2040000a:	ea03 2101 	and.w	r1, r3, r1, lsl #8
2040000e:	4b03      	ldr	r3, [pc, #12]	; (2040001c <_efc_erase_pages+0x1c>)
20400010:	430b      	orrs	r3, r1
	((Efc *)hw)->EEFC_FCR = data;
20400012:	6043      	str	r3, [r0, #4]
20400014:	4770      	bx	lr
20400016:	bf00      	nop
20400018:	00ffff00 	.word	0x00ffff00
2040001c:	5a000007 	.word	0x5a000007

20400020 <_efc_write_page>:
{
20400020:	b4f0      	push	{r4, r5, r6, r7}
	return (((Efc *)hw)->EEFC_FSR & EEFC_FSR_FRDY) > 0;
20400022:	6887      	ldr	r7, [r0, #8]
	while (!hri_efc_get_EEFC_FSR_FRDY_bit(hw)) {
20400024:	f017 0701 	ands.w	r7, r7, #1
20400028:	d0fb      	beq.n	20400022 <_efc_write_page+0x2>
2040002a:	1f1c      	subs	r4, r3, #4
		*((uint32_t *)(IFLASH_ADDR + (page * EFC_PAGE_SIZE) + i)) = *((uint32_t *)(buffer + i));
2040002c:	f502 5500 	add.w	r5, r2, #8192	; 0x2000
20400030:	026d      	lsls	r5, r5, #9
20400032:	3d04      	subs	r5, #4
20400034:	f503 76fe 	add.w	r6, r3, #508	; 0x1fc
20400038:	f854 3f04 	ldr.w	r3, [r4, #4]!
2040003c:	f845 3f04 	str.w	r3, [r5, #4]!
	for (i = 0; i < IFLASH_PAGE_SIZE; i += 4) {
20400040:	42b4      	cmp	r4, r6
20400042:	d1f9      	bne.n	20400038 <_efc_write_page+0x18>
  __ASM volatile ("dsb 0xF":::"memory");
20400044:	f3bf 8f4f 	dsb	sy
  __ASM volatile ("dmb 0xF":::"memory");
20400048:	f3bf 8f5f 	dmb	sy
	    hw, ((ewp) ? EEFC_FCR_FCMD_EWP : EEFC_FCR_FCMD_WP) | EEFC_FCR_FARG(page) | EEFC_FCR_FKEY_PASSWD);
2040004c:	2900      	cmp	r1, #0
2040004e:	bf18      	it	ne
20400050:	2703      	movne	r7, #3
20400052:	4c04      	ldr	r4, [pc, #16]	; (20400064 <_efc_write_page+0x44>)
20400054:	ea04 2402 	and.w	r4, r4, r2, lsl #8
	hri_efc_write_EEFC_FCR_reg(
20400058:	f044 44b4 	orr.w	r4, r4, #1509949440	; 0x5a000000
2040005c:	433c      	orrs	r4, r7
	((Efc *)hw)->EEFC_FCR = data;
2040005e:	6044      	str	r4, [r0, #4]
}
20400060:	bcf0      	pop	{r4, r5, r6, r7}
20400062:	4770      	bx	lr
20400064:	00ffff00 	.word	0x00ffff00

20400068 <ping_str>:
20400068:	00403288                                .2@.

2040006c <erase_str>:
2040006c:	00403280                                .2@.

20400070 <write_str>:
20400070:	00403278                                x2@.

20400074 <check_str>:
20400074:	00403270                                p2@.

20400078 <ping_respn>:
20400078:	00403260                                `2@.

2040007c <erase_done>:
2040007c:	00403250                                P2@.

20400080 <write_done>:
20400080:	00403240                                @2@.

20400084 <check_done>:
20400084:	00403230                                02@.

20400088 <_impure_ptr>:
20400088:	2040008c                                ..@ 

2040008c <impure_data>:
2040008c:	00000000 004032d0 004032f0 004032b0     .....2@..2@..2@.
	...

204000ec <__global_locale>:
204000ec:	00000043 00000000 00000000 00000000     C...............
	...
2040010c:	00000043 00000000 00000000 00000000     C...............
	...
2040012c:	00000043 00000000 00000000 00000000     C...............
	...
2040014c:	00000043 00000000 00000000 00000000     C...............
	...
2040016c:	00000043 00000000 00000000 00000000     C...............
	...
2040018c:	00000043 00000000 00000000 00000000     C...............
	...
204001ac:	00000043 00000000 00000000 00000000     C...............
	...
204001cc:	00403161 00402aa5 00000000 0040341c     a1@..*@......4@.
204001dc:	00403318 00403319 00403319 00403319     .3@..3@..3@..3@.
204001ec:	00403319 00403319 00403319 00403319     .3@..3@..3@..3@.
204001fc:	00403319 00403319 ffffffff ffffffff     .3@..3@.........
2040020c:	ffffffff 0000ffff 53410001 00494943     ..........ASCII.
	...
20400234:	53410000 00494943 00000000 00000000     ..ASCII.........
	...
